log_yy,log_number,log_sequence,issued_date,scope_of_work_desc,proposed_usc,bpr_use_desc,proposed_units,neighborhood,x_coordinate,y_coordinate,comments,existing_use_code,existing_use,current_units,application_received_date,multiple_use_code,bpr_multiple_use_desc,project_name,address,maplot,EE_year_issued,EE_housingtype,EE_housingmixtype,lat,lng
14,3653,1,5/22/15 0:00,New Apt Bldg (3+ units) / Mixed Use,1132,Apartment  1-4 Units,3,Northeast Neighbors,4248352,895609,"Crescent Village Apartments - 3-Unit apartment building - Bldg KKUnit designations: 311-313",9100,Vacant Land,0,6/27/14 14:22,NA,NA,Crescent Village Apts,"3055 MELVILLE WAY, BLDG KK",1.70316E+12,2015,Two to Four units,Multi-family,,
14,3654,1,5/22/15 0:00,New Apt Bldg (3+ units) / Mixed Use,1132,Apartment  1-4 Units,4,Northeast Neighbors,4248502,895611,"Crescent Village Apts - 4-Unit apartment building - Bldg HHUnit designations: 331-334",9100,Vacant Land,0,6/27/14 14:22,NA,NA,Crescent Village Apts,"2835 LONGFELLOW PL, BLDG HH",1.70316E+12,2015,Two to Four units,Multi-family,,
14,3655,1,5/22/15 0:00,New Apt Bldg (3+ units) / Mixed Use,1132,Apartment  1-4 Units,3,Northeast Neighbors,4248628,895598,"Crescent Village Apartments -3-Unit apartment building - Bldg DDUnit designations: 361-363",9100,Vacant Land,0,6/27/14 14:22,NA,NA,Crescent Village Apts,"3040 SHADOW VIEW DR, BLDG DD",1.70316E+12,2015,Two to Four units,Multi-family,,
15,1817,1,8/12/15 0:00,New Apt Bldg (3+ units),1133,Apartment  5-19 Units,12,Northeast Neighbors,4246569,897000,"New 12 unit apartment building (Bldg #22)Unit designations: Assigned from left to right beginning at the first floor, then second floor, then third: Apt #101-104, 201-204, 301-304",1119,Common Area-Single Fam.,0,4/17/15 12:25,NA,NA,Heritage Meadows Apts Ph II Bl,2523 LAKEVIEW DR,1.70308E+12,2015,Five or more units,Multi-family,44.0990519,-123.0706723
15,1812,1,8/12/15 0:00,New Apt Bldg (3+ units),1133,Apartment  5-19 Units,12,Northeast Neighbors,4246570,897042,"New 12 unit apartment building (Bldg #21)Unit designations: Assigned from left to right beginning at the first floor, then second floor, then third: Apt #101-104, 201-204, 301-304",1119,Common Area-Single Fam.,0,4/17/15 12:16,NA,NA,"Heritage Meadows Apts Ph II, B",2535 LAKEVIEW DR,1.70308E+12,2015,Five or more units,Multi-family,44.0990149,-123.070528
15,930,1,6/26/15 0:00,New Apt Bldg (3+ units) / Mixed Use,1133,Apartment  5-19 Units,8,Northeast Neighbors,4246696,896178,"Building 29 - Type Q - MultifamilyUnit designations: 101-104, 201-204",9100,Vacant Land,0,2/23/15 16:28,NA,NA,Bascom Village II,3071 MATT DR,1.70317E+12,2015,Five or more units,Multi-family,44.0967555,-123.0693267
15,933,1,6/26/15 0:00,New Apt Bldg (3+ units) / Mixed Use,1133,Apartment  5-19 Units,7,Northeast Neighbors,4246647,896032,"Building 32 - Type E - MultifamilyUnit designations: 101-103, 201-204",9100,Vacant Land,0,2/23/15 16:29,NA,NA,Bascom Village II,3073 MATT DR,1.70317E+12,2015,Five or more units,Multi-family,44.0967795,-123.0693268
15,934,1,6/26/15 0:00,New Apt Bldg (3+ units) / Mixed Use,1133,Apartment  5-19 Units,7,Northeast Neighbors,4246539,896037,"Building 33 - Type E - Multifamily(Electrical plan review done under permit 15-00933-01no plan review fees collected with this permit) BARUnit designations: 101-103, 201-204",9100,Vacant Land,0,2/23/15 16:29,NA,NA,Bascom Village II,3079 MATT DR,1.70317E+12,2015,Five or more units,Multi-family,44.0969235,-123.0693277
15,935,1,6/26/15 0:00,New Apt Bldg (3+ units) / Mixed Use,1133,Apartment  5-19 Units,7,Northeast Neighbors,4246408,896040,"Building 34 - Type E - Multifamily(Electrical plan review done under permit 15-00933-01no plan review fees collected with this permit) BARUnit designations: 101-103, 201-204",9100,Vacant Land,0,2/23/15 16:29,NA,NA,Bascom Village II,3059 MATT DR,1.70317E+12,2015,Five or more units,Multi-family,44.0967555,-123.0693267
14,3649,1,5/22/15 0:00,New Apt Bldg (3+ units) / Mixed Use,1133,Apartment  5-19 Units,6,Northeast Neighbors,4248626,895516,"Crescent Village Apartments - 6-Unit apartment building - Bldg EEElectrical Plan review Fees were charged under permit 14-03638-01Unit designations: 351-356",9100,Vacant Land,0,6/27/14 14:21,NA,NA,Crescent View Apts,"3020 SHADOW VIEW DR, BLDG EE",1.70316E+12,2015,Five or more units,Multi-family,,
14,3639,1,5/22/15 0:00,New Apt Bldg (3+ units) / Mixed Use,1133,Apartment  5-19 Units,9,Northeast Neighbors,4248334,895084,"9-Unit apartment building - Bldg AElectrical plan review fee was collected under permit 14-03651-01.Unit designations: 121-129",9100,Vacant Land,0,6/27/14 14:18,NA,NA,Crescent Viillage Apts,"2865 MELVILLE WAY, BLDG A",1.70316E+12,2015,Five or more units,Multi-family,,
14,3663,1,5/22/15 0:00,New Apt Bldg (3+ units) / Mixed Use,1133,Apartment  5-19 Units,9,Northeast Neighbors,4248727,895350,"Crescent Village Apartments 9-Unit apartment building - Bldg TElectrical plan review fee was collected under permit 14-03651-01.Unit designations: 531-539",9100,Vacant Land,0,6/27/14 14:23,NA,NA,Crescent Viillage Apts,"2993 SHADOW VIEW DR, BLDG T",1.70316E+12,2015,Five or more units,Multi-family,44.0936739,-123.0601953
14,3665,1,5/22/15 0:00,New Apt Bldg (3+ units) / Mixed Use,1133,Apartment  5-19 Units,8,Northeast Neighbors,4248912,895387,"Crescent Village Apartments 8-Unit apartment building - Bldg VUnit designations: 571-578",9100,Vacant Land,0,6/27/14 14:23,NA,NA,Crescent Viillage Apts,"2990 LONGFELLOW PL, BLDG V",1.70316E+12,2015,Five or more units,Multi-family,,
14,3669,1,5/22/15 0:00,New Apt Bldg (3+ units) / Mixed Use,1133,Apartment  5-19 Units,10,Northeast Neighbors,4248754,894986,"Crescent Village Apartments - 10-Unit apartment building - Bldg NUnit designations: 401-410",9100,Vacant Land,0,6/27/14 14:24,NA,NA,Crescent Viillage Apts,"2940 KIPLING WAY, BLDG N",1.70316E+12,2015,Five or more units,Multi-family,,
14,3637,1,5/22/15 0:00,New Apt Bldg (3+ units) / Mixed Use,1133,Apartment  5-19 Units,8,Northeast Neighbors,4248335,895039,"8-Unit apartment building - Bldg CUnit designations: 111-118",9100,Vacant Land,0,6/27/14 14:18,NA,NA,Crescent Village Apts,"2845 MELVILLE WAY, BLDG C",1.70316E+12,2015,Five or more units,Multi-family,,
14,3638,1,5/22/15 0:00,New Apt Bldg (3+ units) / Mixed Use,1133,Apartment  5-19 Units,6,Northeast Neighbors,4248332,894991,"6-Unit apartment building - Bldg BUnit designations: 101-106",9100,Vacant Land,0,6/27/14 14:18,NA,NA,Crescent Village Apts,"2815 MELVILLE WAY, BLDG B",1.70316E+12,2015,Five or more units,Multi-family,,
14,3640,1,5/22/15 0:00,New Apt Bldg (3+ units) / Mixed Use,1133,Apartment  5-19 Units,8,Northeast Neighbors,4248555,895044,"8-Unit apartment building - Bldg D (Type 8)Unit designations: 131-138",9100,Vacant Land,0,6/27/14 14:18,NA,NA,Crescent Village Apts,"2870 SHADOW VIEW DR, BLDG D",1.70316E+12,2015,Five or more units,Multi-family,44.0936739,-123.0601953
14,3641,1,5/22/15 0:00,New Apt Bldg (3+ units) / Mixed Use,1133,Apartment  5-19 Units,9,Northeast Neighbors,4248566,895164,"9-Unit apartment building - Bldg FElectrical plan review fee was collected under permit 14-03651-01.Unit designations: 271-279",9100,Vacant Land,0,6/27/14 14:18,NA,NA,Crescent Village Apts,"2924 SHADOW VIEW DR, BLDG F",1.70316E+12,2015,Five or more units,Multi-family,44.0936739,-123.0601953
14,3642,1,5/22/15 0:00,New Apt Bldg (3+ units) / Mixed Use,1133,Apartment  5-19 Units,11,Northeast Neighbors,4248560,895094,"11-Unit apartment building - Bldg EUnit designations: 141-151",9100,Vacant Land,0,6/27/14 14:19,NA,NA,Crescent Village Apts,"2910 SHADOW VIEW DR, BLDG E",1.70316E+12,2015,Five or more units,Multi-family,44.0936739,-123.0601953
14,3643,1,5/22/15 0:00,New Apt Bldg (3+ units) / Mixed Use,1133,Apartment  5-19 Units,8,Northeast Neighbors,4248337,895132,"8-Unit apartment building - Bldg MUnit designations: 201-208",9100,Vacant Land,0,6/27/14 14:20,NA,NA,Crescent Village Apts,"2935 MELVILLE WAY, BLDG M",1.70316E+12,2015,Five or more units,Multi-family,,
14,3644,1,5/22/15 0:00,New Apt Bldg (3+ units) / Mixed Use,1133,Apartment  5-19 Units,9,Northeast Neighbors,4248349,895170,"9- Unit apartment building - Bldg LElectrical plan review fee was collected under permit 14-03651-01.Unit designations: 211-219",9100,Vacant Land,0,6/27/14 14:20,NA,NA,Crescent Village Apts,"2965 MELVILLE WAY, BLDG L",1.70316E+12,2015,Five or more units,Multi-family,,
14,3646,1,5/22/15 0:00,New Apt Bldg (3+ units) / Mixed Use,1133,Apartment  5-19 Units,9,Northeast Neighbors,4248567,895224,"9-Unit apartment building - Bldg GElectrical plan review fee was collected under permit 14-03651-01.Unit designations: 281-289",9100,Vacant Land,0,6/27/14 14:20,NA,NA,Crescent Village Apts,"2962 SHADOW VIEW DR, BLDG G",1.70316E+12,2015,Five or more units,Multi-family,44.0936739,-123.0601953
14,3647,1,5/22/15 0:00,New Apt Bldg (3+ units) / Mixed Use,1133,Apartment  5-19 Units,11,Northeast Neighbors,4248558,895397,"11-Unit apartment building - Bldg HUnit designations: 251-261",9100,Vacant Land,0,6/27/14 14:21,NA,NA,Crescent Village Apts,"2876 LONGFELLOW PL, BLDG H",1.70316E+12,2015,Five or more units,Multi-family,,
14,3650,1,5/22/15 0:00,New Apt Bldg (3+ units) / Mixed Use,1133,Apartment  5-19 Units,6,Northeast Neighbors,4248561,895503,"Crescent Village Apartments - 6-Unit apartment building - Bldg FFElectrical Plan review Fees were charged under permit 14-03638-01Unit designations: 341-346",9100,Vacant Land,0,6/27/14 14:21,NA,NA,Crescent Village Apts,"2875 LONGFELLOW PL, BLDG FF",1.70316E+12,2015,Five or more units,Multi-family,,
14,3651,1,5/22/15 0:00,New Apt Bldg (3+ units) / Mixed Use,1133,Apartment  5-19 Units,9,Northeast Neighbors,4248424,895506,"Crescent Village Apartments 9-Unit apartment building - Bldg GGUnit designations: 321-329",9100,Vacant Land,0,6/27/14 14:21,NA,NA,Crescent Village Apts,"2825 LONGFELLOW PL, BLDG GG",1.70316E+12,2015,Five or more units,Multi-family,,
14,3652,1,5/22/15 0:00,New Apt Bldg (3+ units) / Mixed Use,1133,Apartment  5-19 Units,5,Northeast Neighbors,4248348,895522,"Crescent Village Apartments - 5-Unit apartment building - Bldg JJUnit designations: 301-305",NA,NA,0,6/27/14 14:21,NA,NA,Crescent Village Apts,"3015 MELVILLE WAY, BLDG JJ",1.70316E+12,2015,Five or more units,Multi-family,,
14,3656,1,5/22/15 0:00,New Apt Bldg (3+ units) / Mixed Use,1133,Apartment  5-19 Units,9,Northeast Neighbors,4248761,895490,"Crescent Village Apartments 9-Unit apartment building - Bldg ZElectrical plan review fee was collected under permit 14-03651-01.Unit designations: 601-609",9100,Vacant Land,0,6/27/14 14:22,NA,NA,Crescent Village Apts,"2915 LONGFELLOW PL, BLDG Z",1.70316E+12,2015,Five or more units,Multi-family,,
14,3657,1,5/22/15 0:00,New Apt Bldg (3+ units) / Mixed Use,1133,Apartment  5-19 Units,8,Northeast Neighbors,4248747,895578,"Crescent Village Apartments -8-Unit apartment building - Bldg AAUnit designations: 641-648",9100,Vacant Land,0,6/27/14 14:22,NA,NA,Crescent Village Apts,"3025 SHADOW VIEW DR, BLDG AA",1.70316E+12,2015,Five or more units,Multi-family,,
14,3658,1,5/22/15 0:00,New Apt Bldg (3+ units) / Mixed Use,1133,Apartment  5-19 Units,6,Northeast Neighbors,4248903,895683,"Crescent Village Apartments - 6-Unit apartment building - Bldg CCUnit designations: 621-626",9100,Vacant Land,0,6/27/14 14:22,NA,NA,Crescent Village Apts,"2975 LONGFELLOW PL, BLDG CC",1.70316E+12,2015,Five or more units,Multi-family,,
14,3659,1,5/22/15 0:00,New Apt Bldg (3+ units) / Mixed Use,1133,Apartment  5-19 Units,6,Northeast Neighbors,4248880,895595,"Crescent Village Apartments -6-Unit apartment building - Bldg BBUnit designations: 611-616",9100,Vacant Land,0,6/27/14 14:23,NA,NA,Crescent Village Apts,"2955 LONGFELLOW PL, BLDG BB",1.70316E+12,2015,Five or more units,Multi-family,,
14,3660,1,5/22/15 0:00,New Apt Bldg (3+ units) / Mixed Use,1133,Apartment  5-19 Units,8,Northeast Neighbors,4248916,895488,"8-Unit apartment building - Bldg YUnit designations: 631-638",9100,Vacant Land,0,6/27/14 14:23,NA,NA,Crescent Village Apts,"2995 LONGFELLOW PL, BLDG Y",1.70316E+12,2015,Five or more units,Multi-family,,
14,3661,1,5/22/15 0:00,New Apt Bldg (3+ units) / Mixed Use,1133,Apartment  5-19 Units,8,Northeast Neighbors,4248743,895130,"Crescent Village Apartments - 8-Unit apartment building - Bldg RUnit designations: 501-508",9100,Vacant Land,0,6/27/14 14:23,NA,NA,Crescent Village Apts,"2919 KIPLING WAY, BLDG R",1.70316E+12,2015,Five or more units,Multi-family,,
14,3662,1,5/22/15 0:00,New Apt Bldg (3+ units) / Mixed Use,1133,Apartment  5-19 Units,8,Northeast Neighbors,4248727,895235,"Crescent Village Apartments 8-Unit apartment building - Bldg SUnit designations: 521-528",9100,Vacant Land,0,6/27/14 14:23,NA,NA,Crescent Village Apts,"2953 SHADOW VIEW DR, BLDG S",1.70316E+12,2015,Five or more units,Multi-family,44.0936739,-123.0601953
14,3664,1,5/22/15 0:00,New Apt Bldg (3+ units) / Mixed Use,1133,Apartment  5-19 Units,5,Unknown,NA,NA,"Crescent Village Apartments -5-Unit apartment building - Bldg UUnit designations: 541-545",9100,Vacant Land,0,6/27/14 14:23,NA,NA,Crescent Village Apts,"2910 LONGFELLOW PL, BLDG U",1.70316E+12,2015,Five or more units,Multi-family,,
14,3666,1,5/22/15 0:00,New Apt Bldg (3+ units) / Mixed Use,1133,Apartment  5-19 Units,8,Unknown,NA,NA,"New Building X.8-Unit apartment buildingUnit designations: 551-558",NA,NA,0,6/27/14 14:23,NA,NA,Crescent Village Apts,"2950 LONGFELLOW PL, BLDG X",1.70316E+12,2015,Five or more units,Multi-family,,
14,3667,1,5/22/15 0:00,New Apt Bldg (3+ units) / Mixed Use,1133,Apartment  5-19 Units,5,Northeast Neighbors,4248924,895229,"5-Unit apartment building - Bldg Wunit designations: 561-565",9100,Vacant Land,0,6/27/14 14:23,NA,NA,Crescent Village Apts,"2970 LONGFELLOW PL, BLDG W",1.70316E+12,2015,Five or more units,Multi-family,,
14,3668,1,5/22/15 0:00,New Apt Bldg (3+ units) / Mixed Use,1133,Apartment  5-19 Units,8,Northeast Neighbors,4248900,895106,"Crescent Village Apartments - 8-Unit apartment building - Bldg QUnit designations: 511-518",9100,Vacant Land,0,6/27/14 14:24,NA,NA,Crescent Village Apts,"2985 KIPLING WAY, BLDG Q",1.70316E+12,2015,Five or more units,Multi-family,,
14,3670,1,5/22/15 0:00,New Apt Bldg (3+ units) / Mixed Use,1133,Apartment  5-19 Units,8,Northeast Neighbors,4248911,895009,"Crescent Village Apartments 8-Unit apartment building - Bldg PUnit designations: 421-428",9100,Vacant Land,0,6/27/14 14:24,NA,NA,Crescent Village Apts,"2980 KIPLING WAY, BLDG P",1.70316E+12,2015,Five or more units,Multi-family,,
14,3671,1,5/22/15 0:00,New Apt Bldg (3+ units) / Mixed Use,1133,Apartment  5-19 Units,8,Northeast Neighbors,4248912,894958,"Crescent Village Apartments 8-Unit apartment building - Bldg OUnit designations: 411-418",9100,Vacant Land,0,6/27/14 14:25,NA,NA,Crescent Village Apts,"2960 KIPLING WAY, BLDG O",1.70316E+12,2015,Five or more units,Multi-family,,
14,3645,1,5/22/15 0:00,New Apt Bldg (3+ units) / Mixed Use,1133,Apartment  5-19 Units,6,Northeast Neighbors,4248575,895144,"6-Unit apartment building - Bldg JElectrical Plan review Fees were charged under permit 14-03638-01Unit designations: 241-246",9100,Vacant Land,0,6/27/14 14:20,NA,NA,Cresent Village Apts,"2856 LONGFELLOW PL, BLDG J",1.70316E+12,2015,Five or more units,Multi-family,,
14,3648,1,5/22/15 0:00,New Apt Bldg (3+ units) / Mixed Use,1133,Apartment  5-19 Units,11,Northeast Neighbors,4248376,895398,"11-Unit apartment building - Bldg KElectrical Plan review Fees were charged under permit 14-03647-01Unit designations: 221-231",9100,Vacant Land,0,6/27/14 14:21,NA,NA,Cresent Village Apts,"2816 LONGFELLOW PL, BLDG K",1.70316E+12,2015,Five or more units,Multi-family,,
14,6415,1,3/12/15 0:00,New Apt Bldg (3+ units) / Mixed Use,1133,Apartment  5-19 Units,14,Jefferson Westside Neighbors,4237749,879619,"New three-story apartment building with business use at main floor (separate single apt entrance is 783 Washington St)Addressing for retail space is 491 W. 8th Ave.Residential unit designations are 1-13ADA apartment is 783 Washington St.",9100,Vacant Land,0,11/6/14 15:59,5999,Other retail trade,NA,491 W 8TH AVE,1.70331E+12,2015,Five or more units,Multi-family,44.050901,-123.1001718
15,3660,1,11/5/15 0:00,New Row/Townhouse,1113,"Condo, Row or Townhouse",3,Cal Young Neighborhood Association,4239359,891226,"Single Story triplex for senior independent living.  Building B-1 is type V one hour and is 5,300 square feet.  The building contains three units with attached garages.",8192,"Farm-Nursery,Flower Stok",0,7/2/15 0:00,NA,NA,Greer Gardens - Building 1,"1272 GOODPASTURE ISLAND RD, BLDG B1",1.70319E+12,2015,Single Family Attached,Multi-family,44.0840754,-123.0944911
15,3661,1,11/5/15 0:00,New Row/Townhouse,1113,"Condo, Row or Townhouse",3,Cal Young Neighborhood Association,4239458,891218,"Single Story triplex for senior independent living.  Building B-2 is type V one hour and is 5,300 square feet.  The building contains three units with attached garages.",8192,"Farm-Nursery,Flower Stok",0,7/2/15 0:00,NA,NA,Greer Gardens - Building 2,"1274 GOODPASTURE ISLAND RD, BLDG B2",1.70319E+12,2015,Single Family Attached,Multi-family,44.0840777,-123.0944347
15,3663,1,11/5/15 0:00,New Row/Townhouse,1113,"Condo, Row or Townhouse",3,Cal Young Neighborhood Association,4239581,891216,"Single story triplex for senior independent living.  Building B-3 is type V one hour and is 5,300 square feet. The building contains three units with attached garages.",8192,"Farm-Nursery,Flower Stok",0,7/2/15 0:00,NA,NA,Greer Gardens - Building 3,"1276 GOODPASTURE ISLAND RD, BLDG B3",1.70319E+12,2015,Single Family Attached,Multi-family,44.0840801,-123.0943783
15,3664,1,11/5/15 0:00,New Row/Townhouse,1113,"Condo, Row or Townhouse",3,Cal Young Neighborhood Association,4239671,891207,"Single story triplex for senior independent living. Building B-4 is type V one hour and is 5,300 square feet.  The building contains three units wtih attached garages.",8192,"Farm-Nursery,Flower Stok",0,7/2/15 0:00,NA,NA,Greer Gardens - Building 4,"1278 GOODPASTURE ISLAND RD, BLDG B4",1.70319E+12,2015,Single Family Attached,Multi-family,44.0840801,-123.0943783
15,4930,1,10/8/15 0:00,New Row/Townhouse,1113,"Condo, Row or Townhouse",3,Cal Young Neighborhood Association,4237638,888381,"New residential 7-unit project (Bldg B)Additional addresses are: 959, 961, 963, 965, 967 & 969 Lorella Ave.no storm/waste inspections until plans approved in full-see 3-unit approval only",9100,Vacant Land,0,8/20/15 12:25,NA,NA,Sherwood Meadows Apartments,957 LORELLA AVE,1.70319E+12,2015,Single Family Attached,Multi-family,44.0749209,-123.1008349
15,4931,1,9/29/15 0:00,New Row/Townhouse,1113,"Condo, Row or Townhouse",3,Cal Young Neighborhood Association,4237625,888466,"New residential 3-unit project (Bldg A)Additional addresses are: 973 & 975 Lorella Ave.no storm or waste inspections until 15-04930-01 7-unit approved",9100,Vacant Land,0,8/20/15 12:31,NA,NA,Sherwood Meadows Apartments,971 LORELLA AVE,1.70319E+12,2015,Single Family Attached,Multi-family,44.0749209,-123.1008349
14,230,1,3/25/15 0:00,New Row/Townhouse,1113,"Condo, Row or Townhouse",1,Harlow Neighbors,4250557,881384,New Rowhouse with attached garage.  (Attached to 380 Mia Ln).,9100,Vacant Land,0,1/15/14 15:30,NA,NA,NA,360 MIA LN,1.70328E+12,2015,Single Family Attached,Multi-family,44.0324027,-123.0755776
14,231,1,3/25/15 0:00,New Row/Townhouse,1113,"Condo, Row or Townhouse",1,Harlow Neighbors,4250554,881317,New Rowhouse with attached garage.  (Attached to 360 Mia Ln).,9100,Vacant Land,0,1/15/14 15:32,NA,NA,NA,380 MIA LN,1.70328E+12,2015,Single Family Attached,Multi-family,44.0574268,-123.0514173
15,2365,1,6/15/15 0:00,New Single Family Dwelling,1113,"Condo, Row or Townhouse",1,Cal Young Neighborhood Association,4243460,885132,"Single level, energy efficient, green home with 2 hour party bearing wall with adjacent home.*GREEN BUILDING*",9100,Vacant Land,0,5/7/15 14:38,NA,NA,Westwood Cluster 2,2180 FAIRWAY LP,1.70329E+12,2015,Single Family Attached,Multi-family,44.0667844,-123.0791368
15,2367,1,6/15/15 0:00,New Single Family Dwelling,1113,"Condo, Row or Townhouse",1,Cal Young Neighborhood Association,4243457,885089,"Single level, energy efficient, green home with 2 home party bearing wall with adjacent home.*GREEN BUILDING*",9100,Vacant Land,0,5/7/15 14:41,NA,NA,NA,2182 FAIRWAY LP,1.70329E+12,2015,Single Family Attached,Multi-family,44.0667844,-123.0791367
15,2368,1,6/15/15 0:00,New Single Family Dwelling,1113,"Condo, Row or Townhouse",1,Cal Young Neighborhood Association,4243454,885033,"Single level, energy efficient, green home with 2 home party bearing wall, with adjacent home.*GREEN BUILDING*",9100,Vacant Land,0,5/7/15 14:43,NA,NA,NA,2184 FAIRWAY LP,1.70329E+12,2015,Single Family Attached,Multi-family,44.0667844,-123.0791366
15,1200,1,3/31/15 0:00,Alter/Remodel,1120,Duplex or 2-Family Hs,2,Downtown Neighborhood Association,4238218,878060,Conversion of single-family dwelling to duplex. Existing second story habitable space altered to create additional dwelling unit. New unit address is 361 W 12th Ave.,1111,Single Family Dwelling,1,3/9/15 11:31,NA,NA,NA,351 W 12TH AVE,1.70331E+12,2015,Two to Four units,Multi-family,44.04686,-123.098077
15,922,1,6/26/15 0:00,New Duplex,1120,Duplex or 2-Family Hs,2,Northeast Neighbors,4246417,896249,Building 21 - Type B - Duplex (3095 & 3093 Matt Dr),9100,Vacant Land,0,2/23/15 16:22,NA,NA,Bascom Village II,3095 MATT DR,1.70317E+12,2015,Two to Four units,Multi-family,44.0973481,-123.069075
15,923,1,6/26/15 0:00,New Duplex,1120,Duplex or 2-Family Hs,2,Northeast Neighbors,4246415,896198,Building 22 - Type B - duplex (3091 & 3089 Matt Dr),9100,Vacant Land,0,2/23/15 16:27,NA,NA,Bascom Village II,3091 MATT DR,1.70317E+12,2015,Two to Four units,Multi-family,44.0972189,-123.0693294
15,924,1,6/26/15 0:00,New Duplex,1120,Duplex or 2-Family Hs,2,Northeast Neighbors,4246414,896151,Building 23 - Type B - Duplex (3087 & 3085 Matt Dr),9100,Vacant Land,0,2/23/15 16:27,NA,NA,Bascom Village II,3087 MATT DR,1.70317E+12,2015,Two to Four units,Multi-family,44.0971155,-123.0693288
15,925,1,6/26/15 0:00,New Duplex,1120,Duplex or 2-Family Hs,2,Northeast Neighbors,4246463,896143,Building 24 - Type C - Duplex (3083 & 3081 Matt Dr),9100,Vacant Land,0,2/23/15 0:00,NA,NA,Bascom Village II,3083 MATT DR,1.70317E+12,2015,Two to Four units,Multi-family,44.0970195,-123.0693282
15,926,1,6/26/15 0:00,New Duplex,1120,Duplex or 2-Family Hs,2,Northeast Neighbors,4246468,896243,Building 25 - Type C - Duplex (2542 & 2546 Park View Dr),9100,Vacant Land,0,2/23/15 16:27,NA,NA,Bascom Village II,2542 PARK VIEW DR,1.70317E+12,2015,Two to Four units,Multi-family,44.097496,-123.0688191
15,927,1,6/26/15 0:00,New Duplex,1120,Duplex or 2-Family Hs,2,Northeast Neighbors,4246532,896242,Building 26 - Type C - Duplex (2556  & 2560 Park View Dr),9100,Vacant Land,0,2/23/15 16:28,NA,NA,Bascom Village II,2556 PARK VIEW DR,1.70317E+12,2015,Two to Four units,Multi-family,44.0974956,-123.0687046
15,928,1,6/26/15 0:00,New Duplex,1120,Duplex or 2-Family Hs,2,Northeast Neighbors,4246592,896238,Building 27 - Type C - Duplex (2568 & 2574 Park View Dr),9100,Vacant Land,0,2/23/15 16:28,NA,NA,Bascom Village II,2568 PARK VIEW DR,1.70317E+12,2015,Two to Four units,Multi-family,44.097495,-123.0685252
15,929,1,6/26/15 0:00,New Duplex,1120,Duplex or 2-Family Hs,2,Northeast Neighbors,4246653,896238,Building 28 - Type C - Duplex (2580 & 2588 Park View Dr),9100,Vacant Land,0,2/23/15 16:28,NA,NA,Bascom Village II,2580 PARK VIEW DR,1.70317E+12,2015,Two to Four units,Multi-family,44.0974946,-123.0684067
15,931,1,6/26/15 0:00,New Duplex,1120,Duplex or 2-Family Hs,2,Northeast Neighbors,4246672,896138,Building 30 -Type R - Duplex (3069 & 3065 Matt Dr),9100,Vacant Land,0,2/23/15 16:28,NA,NA,Bascom Village II,3069 MATT DR,1.70317E+12,2015,Two to Four units,Multi-family,44.0967555,-123.0693267
14,7289,1,3/10/15 0:00,New Duplex,1120,Duplex or 2-Family Hs,2,Friendly Area Neighbors,4239847,874808,New Duplex - 91 E 20th Ave. and 97 E 20th Ave.,1111,Single Family Dwelling,1,12/18/14 11:47,NA,NA,NA,91 E 20TH AVE,1.80306E+12,2015,Two to Four units,Multi-family,44.0378668,-123.0913699
14,7303,1,3/16/15 0:00,New Duplex,1120,Duplex or 2-Family Hs,2,Friendly Area Neighbors,4239871,874854,New Duplex - 1972 Oak St and 1982 Oak Street,1111,Single Family Dwelling,1,12/18/14 14:30,NA,NA,NA,1972 OAK ST,1.80306E+12,2015,Two to Four units,Multi-family,44.0382179,-123.0911961
14,7304,1,3/26/15 0:00,New Duplex,1120,Duplex or 2-Family Hs,2,Friendly Area Neighbors,4239886,874913,"New Duplex - 1946 Oak St and 92 E 19th Aly*** Delete address 1960 Oak Street when issued ***",1111,Single Family Dwelling,1,12/18/14 14:41,NA,NA,NA,1946 OAK ST,1.80306E+12,2015,Two to Four units,Multi-family,44.0383853,-123.0911925
14,7305,1,3/20/15 0:00,New Duplex,1120,Duplex or 2-Family Hs,2,Friendly Area Neighbors,4239873,874887,New Duplex - 1952 Oak St and 1962 Oak St,1111,Single Family Dwelling,1,12/18/14 14:38,NA,NA,NA,1952 OAK ST,1.80306E+12,2015,Two to Four units,Multi-family,44.0383419,-123.0911935
14,7306,1,3/10/15 0:00,New Duplex,1120,Duplex or 2-Family Hs,2,Friendly Area Neighbors,4239791,874916,"New Duplex - 72 E 19th Aly and 82 E 19th Aly*** Delete address 60 E. 19th Aly when issued ***",1111,Single Family Dwelling,1,12/18/14 14:49,NA,NA,NA,72 E 19TH ALY,1.80306E+12,2015,Two to Four units,Multi-family,44.0383996,-123.091584
15,6594,1,12/28/15 0:00,DUP,1120,Duplex or 2-Family Hs,2,West University Neighbors,4241820,876416,"New residential duplex - building only, no site workDuplex address: 576/578 E. 15th Alley (units are at the rear of the lot off the alleyway)",9100,Vacant Land,0,10/27/15 14:45,NA,NA,NA,576 E 15TH ALY,1.70332E+12,2015,Two to Four units,Multi-family,44.0433349,-123.0841101
15,2362,1,6/15/15 0:00,New Row/Townhouse,1113,"Condo, Row or Townhouse",1,Cal Young Neighborhood Association,4243538,885041,"Single level, energy efficient, green home with 2 house party bearing wall with adjacent home.*GREEN PROJECT*",9100,Vacant Land,0,5/7/15 14:32,NA,NA,Westwood Cluster 2,2186 FAIRWAY LP,1.70329E+12,2015,Single Family Attached,Multi-family,44.0667844,-123.0791365
15,2364,1,6/15/15 0:00,New Row/Townhouse,1113,"Condo, Row or Townhouse",1,Cal Young Neighborhood Association,4243536,885118,"Single level, energy efficient, green home with 2 house party bearing wall with adjacent home.*GREEN BUILDING*",9100,Vacant Land,0,5/7/15 14:36,NA,NA,Westwood Cluster 2,2188 FAIRWAY LP,1.70329E+12,2015,Single Family Attached,Multi-family,44.0667844,-123.0791364
15,6413,1,11/3/15 0:00,Mfg Home Setup,1150,Mfg Home - Not in a Park,1,Far West Neighborhood Association,4232355,878071,"Install new manufactured dwelling on private lot(previous demo of SFD)",1111,Single Family Dwelling,0,10/21/15 11:02,NA,NA,NA,1222 GRANT ST,1.70436E+12,2015,Single Family Detached,Single Family,44.0462972,-123.120139
15,2411,1,7/15/15 0:00,Mfg Home Setup,1400,Mfg Home Park or Court,1,Unknown,NA,NA,Set-up 1995 Guerdon manufactured dwelling in space #5 at Hannah Del Estates,1400,Mfg Home Park or Court,1,5/22/15 13:04,NA,NA,Hannah Del Lot #6,2682 ATTICUS WAY,1.70412E+12,2015,Single Family Detached,Single Family,44.1026554,-123.1170447
15,7183,1,12/3/15 0:00,Mfg Home Setup,1400,Mfg Home Park or Court,1,Unknown,NA,NA,Set-up 1998 Redman manufactured dwelling on lot 10 (Hannah del Estates),1400,Mfg Home Park or Court,0,11/23/15 14:39,NA,NA,Hannah Del Lot 10,2670 ATTICUS WAY,1.70412E+12,2015,Single Family Detached,Single Family,44.102536,-123.1171347
15,6549,1,11/10/15 0:00,Mfg Home Setup,1400,Mfg Home Park or Court,1,Santa Clara Community Organization,4233800,898555,"Install manufactured home in park, with anchorage and hookups.",1400,Mfg Home Park or Court,0,10/28/15 8:10,NA,NA,Hannah Del Lot 12,2666 ATTICUS WAY,1.70412E+12,2015,Single Family Detached,Single Family,44.1024584,-123.1171326
15,5014,1,9/30/15 0:00,Mfg Home Setup,1400,Mfg Home Park or Court,1,Santa Clara Community Organization,4233552,897755,1995 Fleetwood manufactured dwelling - Space 40 - Hannah Del Estates,1400,Mfg Home Park or Court,0,8/25/15 14:53,NA,NA,Hannah Del Lot 40,"2510 JANELLE WAY, UNIT 40",1.70412E+12,2015,Single Family Detached,Single Family,44.1004479,-123.1178339
15,5015,1,9/11/15 0:00,Mfg Home Setup,1400,Mfg Home Park or Court,1,Unknown,NA,NA,1996 Redma manufactured dwelling - Space 42 - Hannah Del Estates,1400,Mfg Home Park or Court,1,8/25/15 15:52,NA,NA,Hannah Del Lot 42,"2516 JANELLE WAY, UNIT 42",1.70412E+12,2015,Single Family Detached,Single Family,44.1005088,-123.1178603
14,7227,1,1/5/15 0:00,Mfg Home Setup,1400,Mfg Home Park or Court,1,Active Bethel Citizens,4215514,891134,Manufactured home set up in a park,1400,Mfg Home Park or Court,0,12/15/14 16:35,NA,NA,NA,"1699 N TERRY ST, UNIT 76",1.70421E+12,2015,Single Family Detached,Single Family,44.0842922,-123.1878191
15,2060,1,5/8/15 0:00,Mfg Home Setup,1400,Mfg Home Park or Court,1,Active Bethel Citizens,4214520,895741,Mobile home installation in mobile home park at 2350 N. Terry Street Space #112,1400,Mfg Home Park or Court,0,4/23/15 16:32,NA,NA,NA,"2350 N TERRY ST, UNIT 112",1.70417E+12,2015,Single Family Detached,Single Family,44.0934651,-123.1903264
15,4880,1,8/25/15 0:00,Mfg Home Setup,1400,Mfg Home Park or Court,1,Northeast Neighbors,4240750,894857,Set up manufactured home,1400,Mfg Home Park or Court,0,8/19/15 13:21,NA,NA,NA,"1475 GREEN ACRES RD, UNIT 138",1.70318E+12,2015,Single Family Detached,Single Family,44.0943083,-123.0906196
15,4883,1,8/25/15 0:00,Mfg Home Setup,1400,Mfg Home Park or Court,1,Northeast Neighbors,4240750,894857,Set up manufactured home,1400,Mfg Home Park or Court,0,8/19/15 13:28,NA,NA,NA,"1475 GREEN ACRES RD, UNIT 84",1.70318E+12,2015,Single Family Detached,Single Family,44.0943083,-123.0906196
15,6815,1,11/12/15 0:00,Mfg Home Setup,1400,Mfg Home Park or Court,1,West Eugene Community Organization,4221368,877479,"Mobile home set-up2015 Fleetwood 24x52'",1400,Mfg Home Park or Court,0,11/5/15 11:37,NA,NA,NA,"1415 S BERTELSEN RD, UNIT 72",1.70434E+12,2015,Single Family Detached,Single Family,44.0432355,-123.1607392
15,932,1,6/26/15 0:00,New Apt Bldg (3+ units) / Mixed Use,7424,Recreation Center-General,1,Northeast Neighbors,4246608,896141,Building - 31 - Type S - Community building with adjacent 3-bedroom unit (3077 & 3075 Matt Dr) This permit includes all sitework.,9100,Vacant Land,0,2/23/15 16:29,1132,Apartment  1-4 Units,Bascom Village II,3077 MATT DR,1.70317E+12,2015,Two to Four units,Multi-family,44.0968755,-123.0693274
15,1629,1,5/8/15 0:00,New Single Family Dwelling,1116,Secondary Dwelling Unit,1,River Road Community Organization,4232553,891942,800 sq. Secondary Dwelling Unit with 300 sq. Garage. on existing lot with home.,1111,Single Family Dwelling,1,4/1/15 16:38,NA,NA,NA,"1295 RIVER RD, UNIT A",1.70413E+12,2015,Single Family Detached,Single Family,44.084326,-123.121887
15,4689,1,9/21/15 0:00,Secondary Dwelling Unit,1116,Secondary Dwelling Unit,1,South University Neighborhood Association,4245323,873500,Secondary Dwelling Unit with attached garage.,1111,Single Family Dwelling,1,8/13/15 17:29,1111,Single Family Dwelling,1455 Garage/Studio,"2253 AGATE ALY, UNIT A",1.80305E+12,2015,Single Family Detached,Single Family,44.0350471,-123.0706553
14,7021,1,1/12/15 0:00,New Single Family Dwelling,1111,Single Family Dwelling,1,Churchill Area Neighbors,4224342,876959,New Single Family Dwelling with attached Garage.,NA,NA,0,12/8/14 9:51,NA,NA,1168ES Mascord,3780 PACHYSANDRA PL,1.70434E+12,2015,Single Family Detached,Single Family,44.0428353,-123.1492433
15,2663,1,6/17/15 0:00,New Single Family Dwelling,1111,Single Family Dwelling,1,Amazon Neighbors Association,4244585,872468,New single family dwelling with attached garage,1111,Single Family Dwelling,0,5/26/15 11:56,NA,NA,2510 Onyx St.,2512 ONYX ST,1.80305E+12,2015,Single Family Detached,Single Family,44.0321013,-123.0729908
15,1507,1,5/5/15 0:00,New Single Family Dwelling,1111,Single Family Dwelling,1,Churchill Area Neighbors,4223996,868340,New single family dwelling with attached garage,9100,Vacant Land,0,4/3/15 13:53,NA,NA,3594 Summit Sky Blvd,3594 SUMMIT SKY BLVD,1.8041E+12,2015,Single Family Detached,Single Family,44.0189537,-123.1509823
14,5663,1,4/6/15 0:00,New Single Family Dwelling,1111,Single Family Dwelling,1,Churchill Area Neighbors,4224097,867764,"New single family dwelling with attached garageAssociated erosion prevention permit: 14-05666-01",9100,Vacant Land,0,9/30/14 11:39,NA,NA,Corbin 3 car P2441,3523 SUMMIT SKY BLVD,1.8041E+12,2015,Single Family Detached,Single Family,44.0173499,-123.1506375
14,7207,1,1/5/15 0:00,New Single Family Dwelling,1111,Single Family Dwelling,1,Cal Young Neighborhood Association,4237070,888511,New single family dwelling with attached garage.,9100,Vacant Land,0,12/15/14 10:34,NA,NA,Derbyshire,1226 WOODFIELD DR,1.70319E+12,2015,Single Family Detached,Single Family,44.075479,-123.1034631
15,7410,1,12/29/15 0:00,New Single Family Dwelling,1111,Single Family Dwelling,1,Northeast Neighbors,4244406,899845,New single family dwelling with attached garage,9100,Vacant Land,0,12/4/15 15:48,NA,NA,Gansen Lot 20,2239 LATHEN WAY,1.70308E+12,2015,Single Family Detached,Single Family,,
15,2116,1,5/20/15 0:00,New Single Family Dwelling,1111,Single Family Dwelling,1,Jefferson Westside Neighbors,4238184,877058,New Single Family Dwelling,9100,Vacant Land,0,4/28/15 15:13,NA,NA,Gardner,1413 LAWRENCE ST,1.70331E+12,2015,Single Family Detached,Single Family,44.0440164,-123.0984147
15,2988,1,6/24/15 0:00,New Single Family Dwelling,1111,Single Family Dwelling,1,Active Bethel Citizens,4215730,887193,New Single Family Residential - Habitat for Humanity,9100,Vacant Land,0,6/8/15 15:44,NA,NA,Habitat for Humanity,4966 ROYAL AVE,1.70428E+12,2015,Single Family Detached,Single Family,44.0699179,-123.1847638
15,1973,1,5/1/15 0:00,New Single Family Dwelling,1111,Single Family Dwelling,1,Santa Clara Community Organization,4231199,903439,New Single Family Dwelling with attached Garage - Habitat for Humanity House.,9100,Vacant Land,0,4/20/15 14:28,NA,NA,Habitat for Humanity House,3609 YOGI WAY,1.70401E+12,2015,Single Family Detached,Single Family,44.1157197,-123.1283539
15,494,1,4/23/15 0:00,New Single Family Dwelling,1111,Single Family Dwelling,1,River Road Community Organization,4225097,895833,New Single Family Dwelling with attached Garage.,9100,Vacant Land,0,1/28/15 12:44,NA,NA,Kate,1930 DEBRA SUE CT,1.70415E+12,2015,Single Family Detached,Single Family,44.0944716,-123.1497924
15,1199,1,3/26/15 0:00,New Single Family Dwelling,1111,Single Family Dwelling,1,Northeast Neighbors,4245986,895811,New Single Family Dwelling with attached Garage,9100,Vacant Land,0,3/9/15 11:13,NA,NA,Linwood,3016 GUADALUPE WAY,1.70317E+12,2015,Single Family Detached,Single Family,44.0962594,-123.0699123
15,7312,1,12/24/15 0:00,New Single Family Dwelling,1111,Single Family Dwelling,1,Northeast Neighbors,4246300,895816,New single family dwelling with attached garage,9100,Vacant Land,0,12/1/15 12:18,NA,NA,Linwood,3051 GUADALUPE WAY,1.70317E+12,2015,Single Family Detached,Single Family,44.0960296,-123.0696623
15,696,1,3/3/15 0:00,New Single Family Dwelling,1111,Single Family Dwelling,1,Southeast Neighbors,4246451,863376,"New Single Family Dwelling with attached Garage**Erosion Prevention Permit 15-00695-01",9100,Vacant Land,0,2/10/15 11:33,NA,NA,Lot 1,1865 E 43RD AVE,1.80316E+12,2015,Single Family Detached,Single Family,44.0071057,-123.0658263
15,4916,1,9/9/15 0:00,New Single Family Dwelling,1111,Single Family Dwelling,1,Northeast Neighbors,4246273,895925,New single family dwelling with attached garage,NA,NA,0,8/20/15 10:51,NA,NA,Lot 11 - Talent,3043 GUADALUPE WAY,1.70317E+12,2015,Single Family Detached,Single Family,44.0960296,-123.0696623
15,4915,1,9/23/15 0:00,New Single Family Dwelling,1111,Single Family Dwelling,1,Northeast Neighbors,4246188,895912,New single family dwelling with attached garage,NA,NA,0,8/20/15 10:47,NA,NA,Lot 14 - Talent,3035 GUADALUPE WAY,1.70317E+12,2015,Single Family Detached,Single Family,44.0960296,-123.0696623
15,4913,1,9/23/15 0:00,New Single Family Dwelling,1111,Single Family Dwelling,1,Northeast Neighbors,4246145,895914,New single family dwelling with attached garage,9100,Vacant Land,0,8/20/15 10:44,NA,NA,Lot 15 - Linwood,3033 GUADALUPE WAY,1.70317E+12,2015,Single Family Detached,Single Family,44.0962594,-123.0699123
15,889,1,4/23/15 0:00,New Single Family Dwelling,1111,Single Family Dwelling,1,Unknown,NA,NA,New House Single Family Dwelling with attached Garage,9100,Vacant Land,0,2/20/15 10:29,NA,NA,Lot 7,2454 ROYALANN LN,1.80403E+12,2015,Single Family Detached,Single Family,44.03045,-123.1630085
15,890,1,4/23/15 0:00,New Single Family Dwelling,1111,Single Family Dwelling,1,Churchill Area Neighbors,4220890,872619,New Single Family Dweliing with attached Garage.,9100,Vacant Land,0,2/20/15 10:32,NA,NA,Lot 8,2474 ROYALANN LN,1.80403E+12,2015,Single Family Detached,Single Family,44.0303232,-123.1631486
15,165,1,1/28/15 0:00,New Single Family Dwelling,1111,Single Family Dwelling,1,Cal Young Neighborhood Association,4237359,888512,New Single Family Dwelling with attached garage.,NA,NA,0,1/9/15 12:28,NA,NA,Madrone,940 WOODFIELD DR,1.70319E+12,2015,Single Family Detached,Single Family,44.075479,-123.1034631
15,4062,1,8/10/15 0:00,New Single Family Dwelling,1111,Single Family Dwelling,1,Santa Clara Community Organization,4231354,901535,New single family dwelling with attached garage,9100,Vacant Land,0,7/17/15 15:23,NA,NA,Meadowview,542 WEDGEWOOD DR,1.70412E+12,2015,Single Family Detached,Single Family,44.1108831,-123.1288617
14,7260,1,1/15/15 0:00,New Single Family Dwelling,1111,Single Family Dwelling,1,Active Bethel Citizens,4211895,889986,New single family dwelling with attached garage,9100,Vacant Land,0,12/17/14 10:56,NA,NA,Metolius,5729 AVALON ALY,1.7042E+12,2015,Single Family Detached,Single Family,44.0774546,-123.2010356
15,2923,1,6/18/15 0:00,New Single Family Dwelling,1111,Single Family Dwelling,1,Cal Young Neighborhood Association,4237244,888511,New single family dwelling with attached garage,9100,Vacant Land,0,6/4/15 12:38,NA,NA,Metolius,924 WOODFIELD DR,1.70319E+12,2015,Single Family Detached,Single Family,44.075479,-123.1034631
15,4054,1,8/7/15 0:00,New Single Family Dwelling,1111,Single Family Dwelling,1,Northeast Neighbors,4246186,895807,New single family dwelling with attached garage,9100,Vacant Land,0,7/17/15 13:31,NA,NA,Metolius,3036 GUADALUPE WAY,1.70317E+12,2015,Single Family Detached,Single Family,44.0961839,-123.0696357
15,1518,1,4/7/15 0:00,New Single Family Dwelling,1111,Single Family Dwelling,1,Northeast Neighbors,4246107,895812,New single family dwelling   (Lot 26),9100,Vacant Land,0,3/26/15 11:04,NA,NA,Middleton,3032 GUADALUPE WAY,1.70317E+12,2015,Single Family Detached,Single Family,44.0962594,-123.0699123
15,6157,1,11/5/15 0:00,New Single Family Dwelling,1111,Single Family Dwelling,1,Northeast Neighbors,4246482,895801,New single family dwelling w/ attached garage,9100,Vacant Land,0,10/8/15 12:57,NA,NA,Middleton,3061 GUADALUPE WAY,1.70317E+12,2015,Single Family Detached,Single Family,44.0960296,-123.0696623
15,4162,1,8/14/15 0:00,New Single Family Dwelling,1111,Single Family Dwelling,1,Northeast Neighbors,4246147,895812,New single family dwelling with attached garage,9100,Vacant Land,0,7/22/15 15:40,NA,NA,"Middleton ""1""",3034 GUADALUPE WAY,1.70317E+12,2015,Single Family Detached,Single Family,44.0960296,-123.0696623
15,4755,1,10/14/15 0:00,New Single Family Dwelling,1111,Single Family Dwelling,1,Laurel Hill Valley Citizens,4253592,871926,New single family dwelling with attached garage,9100,Vacant Land,0,8/14/15 11:26,NA,NA,Orchard,2635 CASCARA DR,1.80303E+12,2015,Single Family Detached,Single Family,44.0310577,-123.0392309
14,7083,1,1/6/15 0:00,New Single Family Dwelling,1111,Single Family Dwelling,1,River Road Community Organization,4227551,890377,New single family dwelling with attached garage,9100,Vacant Land,0,12/9/14 16:37,NA,NA,Parkland,791 ROSSMORE ST,1.70423E+12,2015,Single Family Detached,Single Family,44.079655,-123.1403786
15,558,1,3/5/15 0:00,New Single Family Dwelling,1111,Single Family Dwelling,1,River Road Community Organization,4226992,890122,New Single Family Dwelling with Attached Garage.,9100,Vacant Land,0,2/2/15 9:15,NA,NA,Parkland,1158 VERONICA LN,1.70423E+12,2015,Single Family Detached,Single Family,44.0788331,-123.1412734
14,5667,1,4/17/15 0:00,New Single Family Dwelling,1111,Single Family Dwelling,1,Churchill Area Neighbors,4224181,867744,"New single family dwelling with attached garageAssociated erosion prevention permit: 14-05668-01",9100,Vacant Land,0,9/30/14 12:31,NA,NA,Pinehurst 3 car C 2215,3515 SUMMIT SKY BLVD,1.8041E+12,2015,Single Family Detached,Single Family,44.0173047,-123.1502824
14,7133,1,1/5/15 0:00,New Single Family Dwelling,1111,Single Family Dwelling,1,Churchill Area Neighbors,4224394,876961,New Single Family Dwelling with attached garage.,9100,Vacant Land,0,12/11/14 9:07,NA,NA,Redrock,3774 PACHYSANDRA PL,1.70434E+12,2015,Single Family Detached,Single Family,44.0428353,-123.1492433
15,899,1,3/17/15 0:00,New Single Family Dwelling,1111,Single Family Dwelling,1,Churchill Area Neighbors,4224779,876950,New single family dwelling with attached garage,9100,Vacant Land,0,2/20/15 13:09,NA,NA,Redrock,3732 PACHYSANDRA PL,1.70434E+12,2015,Single Family Detached,Single Family,44.0428353,-123.1492433
15,1043,1,3/11/15 0:00,New Single Family Dwelling,1111,Single Family Dwelling,1,Churchill Area Neighbors,4224829,876937,New single family dwelling with attached garage,9100,Vacant Land,0,3/2/15 11:07,NA,NA,Redrock,3726 PACHYSANDRA PL,1.70434E+12,2015,Single Family Detached,Single Family,44.0428353,-123.1492433
15,7285,1,12/18/15 0:00,New Single Family Dwelling,1111,Single Family Dwelling,1,River Road Community Organization,4225839,893326,New single family dwelling with attached garage,9100,Vacant Land,0,11/30/15 15:41,NA,NA,Redrock garage left,981 PENNINGTON CT,1.70414E+12,2015,Single Family Detached,Single Family,,
15,7205,1,12/29/15 0:00,New Single Family Dwelling,1111,Single Family Dwelling,1,Santa Clara Community Organization,4231287,901727,New Single Family Dwelling with attached Garage,9100,Vacant Land,0,11/24/15 9:45,NA,NA,River Ridge,535 WEDGEWOOD DR,1.70412E+12,2015,Single Family Detached,Single Family,44.1108831,-123.1288617
15,674,1,2/19/15 0:00,New Single Family Dwelling,1111,Single Family Dwelling,1,River Road Community Organization,4226962,890165,New Single Family Dwelling with attached Garage - Lot 5,9100,Vacant Land,0,2/9/15 10:30,NA,NA,Rockwood,1164 VERONICA LN,1.70423E+12,2015,Single Family Detached,Single Family,44.0788331,-123.1412734
15,2657,1,6/5/15 0:00,New Single Family Dwelling,1111,Single Family Dwelling,1,Northeast Neighbors,4246026,895812,New single family dwelling with attached garage,9100,Vacant Land,0,5/21/15 10:02,NA,NA,Rockwood,3024 GUADALUPE WAY,1.70317E+12,2015,Single Family Detached,Single Family,44.0962594,-123.0699123
15,2842,1,6/11/15 0:00,New Single Family Dwelling,1111,Single Family Dwelling,1,Northeast Neighbors,4246067,895814,New single family dwelling with attached garage,9100,Vacant Land,0,6/1/15 13:27,NA,NA,Rockwood,3030 GUADALUPE WAY,1.70317E+12,2015,Single Family Detached,Single Family,44.0962594,-123.0699123
15,5018,1,10/5/15 0:00,New Single Family Dwelling,1111,Single Family Dwelling,1,Southeast Neighbors,4245835,861259,Gate code: #1218 New single family dwelling with attached garage,9100,Vacant Land,0,8/25/15 17:09,NA,NA,Rosenfelt Residence,4851 ELVA LN,1.80316E+12,2015,Single Family Detached,Single Family,,
14,7245,1,1/28/15 0:00,New Single Family Dwelling,1111,Single Family Dwelling,1,Churchill Area Neighbors,4224490,877107,New Single Family Home with Attached Garage,9100,Vacant Land,0,12/16/14 11:51,NA,NA,Seqouia,3767 PACHYSANDRA PL,1.70434E+12,2015,Single Family Detached,Single Family,44.0428353,-123.1492433
14,7282,1,1/5/15 0:00,New Single Family Dwelling,1111,Single Family Dwelling,1,Churchill Area Neighbors,4224570,877110,New single family dwelling with attached garage (Seqouia Model),9100,Vacant Land,0,12/18/14 9:12,NA,NA,Seqouia,3759 PACHYSANDRA PL,1.70434E+12,2015,Single Family Detached,Single Family,44.0428353,-123.1492433
14,7109,1,1/5/15 0:00,New Single Family Dwelling,1111,Single Family Dwelling,1,Churchill Area Neighbors,4224247,877081,New single family dwelling with attached garage (Sequoia Model),9100,Vacant Land,0,12/10/14 12:17,NA,NA,Sequoia,3793 PACHYSANDRA PL,1.70434E+12,2015,Single Family Detached,Single Family,44.0428353,-123.1492433
15,132,1,1/20/15 0:00,New Single Family Dwelling,1111,Single Family Dwelling,1,Santa Clara Community Organization,4225548,904204,New single family dwelling with attached garage,9100,Vacant Land,0,1/8/15 9:18,NA,NA,Sequoia,3756 WOODVIEW AVE,1.70403E+12,2015,Single Family Detached,Single Family,44.1167848,-123.1491171
15,823,1,3/11/15 0:00,New Single Family Dwelling,1111,Single Family Dwelling,1,Santa Clara Community Organization,4225517,903913,New single family dwelling with attached garage,9100,Vacant Land,0,2/17/15 16:19,NA,NA,Sequoia,936 LEONARDS WAY,1.70403E+12,2015,Single Family Detached,Single Family,44.1167651,-123.1500765
15,1652,1,4/24/15 0:00,New Single Family Dwelling,1111,Single Family Dwelling,1,Santa Clara Community Organization,4226133,903688,New single family dwelling with attached garage,9100,Vacant Land,0,4/2/15 14:19,NA,NA,Sequoia,3614 STARK ST,1.70402E+12,2015,Single Family Detached,Single Family,44.1161945,-123.1466796
15,7202,1,12/15/15 0:00,New Single Family Dwelling,1111,Single Family Dwelling,1,River Road Community Organization,4226416,893299,New single family dwelling with attached garage,9100,Vacant Land,0,11/24/15 9:23,NA,NA,Sequoia,909 PENNINGTON CT,1.70414E+12,2015,Single Family Detached,Single Family,,
15,822,1,3/3/15 0:00,New Single Family Dwelling,1111,Single Family Dwelling,1,Santa Clara Community Organization,4225580,903913,New Single Family Dwelling with Attached Garage.,9100,Vacant Land,0,2/17/15 16:04,NA,NA,Shaniko,932 LEONARDS WAY,1.70403E+12,2015,Single Family Detached,Single Family,44.1167647,-123.1500511
15,257,1,1/30/15 0:00,New Single Family Dwelling,1111,Single Family Dwelling,1,Active Bethel Citizens,4212063,889830,New single family dwelling with attached garage,9100,Vacant Land,0,1/15/15 10:49,NA,NA,Stoneridge,1496 MCCARTY WAY,1.7042E+12,2015,Single Family Detached,Single Family,44.0770069,-123.19879
15,1085,1,3/19/15 0:00,New Single Family Dwelling,1111,Single Family Dwelling,1,River Road Community Organization,4226960,890341,New single family dwelling with attached garage,9100,Vacant Land,0,3/4/15 0:00,NA,NA,Stoneridge,1188 VERONICA LN,1.70423E+12,2015,Single Family Detached,Single Family,44.0788331,-123.1412734
15,7310,1,12/24/15 0:00,New Single Family Dwelling,1111,Single Family Dwelling,1,Northeast Neighbors,4246255,895821,New single family dwelling with attached garage,9100,Vacant Land,0,12/1/15 11:59,NA,NA,Talent,3049 GUADALUPE WAY,1.70317E+12,2015,Single Family Detached,Single Family,44.0960296,-123.0696623
15,220,1,1/23/15 0:00,New Single Family Dwelling,1111,Single Family Dwelling,1,Churchill Area Neighbors,4224304,877125,New single family dwelling with attached garage,9100,Vacant Land,0,1/13/15 12:23,NA,NA,Tamarack,3787 PACHYSANDRA PL,1.70434E+12,2015,Single Family Detached,Single Family,44.0428353,-123.1492433
15,506,1,2/10/15 0:00,New Single Family Dwelling,1111,Single Family Dwelling,1,Churchill Area Neighbors,4224545,876966,New Single Family Dwelling with attached garage.,9100,Vacant Land,0,1/28/15 0:00,NA,NA,Tamarack,3756 PACHYSANDRA PL,1.70434E+12,2015,Single Family Detached,Single Family,44.0428353,-123.1492433
15,507,1,2/10/15 0:00,New Single Family Dwelling,1111,Single Family Dwelling,1,Churchill Area Neighbors,4224596,876967,New single family dwelling with attached garage,9100,Vacant Land,0,1/28/15 16:18,NA,NA,Tamarack,3750 PACHYSANDRA PL,1.70434E+12,2015,Single Family Detached,Single Family,44.0428353,-123.1492433
15,1087,1,3/17/15 0:00,New Single Family Dwelling,1111,Single Family Dwelling,1,Churchill Area Neighbors,4224880,876928,New Single Family Dwelling with attached garage.,9100,Vacant Land,0,3/3/15 11:56,NA,NA,Tamarack,3720 PACHYSANDRA PL,1.70434E+12,2015,Single Family Detached,Single Family,44.0428353,-123.1492433
15,7073,1,12/15/15 0:00,New Single Family Dwelling,1111,Single Family Dwelling,1,River Road Community Organization,4226038,893322,New single family dwelling with attached garage,9100,Vacant Land,0,11/17/15 14:56,NA,NA,Tamarack,957 PENNINGTON CT,1.70414E+12,2015,Single Family Detached,Single Family,,
14,7281,1,1/5/15 0:00,New Single Family Dwelling,1111,Single Family Dwelling,1,Churchill Area Neighbors,4224446,876965,New Single Family Home with attached Garage,9100,Vacant Land,0,12/18/14 9:05,NA,NA,Tamarack G R,3768 PACHYSANDRA PL,1.70434E+12,2015,Single Family Detached,Single Family,44.0428353,-123.1492433
15,256,1,1/30/15 0:00,New Single Family Dwelling,1111,Single Family Dwelling,1,Active Bethel Citizens,4212222,889977,New Single Family Dwelling with attached Garage,9100,Vacant Land,0,1/15/15 10:28,NA,NA,Teton,1799 ADELMAN LP,1.7042E+12,2015,Single Family Detached,Single Family,44.0769974,-123.1981673
15,1038,1,4/7/15 0:00,New Single Family Dwelling,1111,Single Family Dwelling,1,River Road Community Organization,4227150,890224,New single family dwelling with attached garage,9100,Vacant Land,0,3/2/15 9:34,NA,NA,TETON,1137 VERONICA LN,1.70423E+12,2015,Single Family Detached,Single Family,44.0788331,-123.1412734
15,1089,1,4/7/15 0:00,New Single Family Dwelling,1111,Single Family Dwelling,1,River Road Community Organization,4226960,890401,New single family dwelling with attached garage,9100,Vacant Land,0,3/4/15 0:00,NA,NA,Teton garage left,1196 VERONICA LN,1.70423E+12,2015,Single Family Detached,Single Family,44.0788331,-123.1412734
15,3835,1,8/24/15 0:00,New Single Family Dwelling,1111,Single Family Dwelling,1,Southeast Neighbors,4241877,869579,New Single Family Dwelling with attached Garage.,9100,Vacant Land,0,7/9/15 16:07,NA,NA,The Clearwater,3014 HUMMINGBIRD LN,1.80308E+12,2015,Single Family Detached,Single Family,44.023918,-123.0830275
15,691,1,2/20/15 0:00,New Single Family Dwelling,1111,Single Family Dwelling,1,Northeast Neighbors,4245988,895918,New Single Family Dwelling with Attached Garage,9100,Vacant Land,0,2/10/15 10:07,NA,NA,The Middleton,3015 GUADALUPE WAY,1.70317E+12,2015,Single Family Detached,Single Family,44.0962594,-123.0699123
15,4563,1,8/24/15 0:00,New Single Family Dwelling,1111,Single Family Dwelling,1,Northeast Neighbors,4246098,895915,New single family dwelling with attached garage,9100,Vacant Land,0,8/7/15 12:32,NA,NA,The Middleton,3031 GUADALUPE WAY,1.70317E+12,2015,Single Family Detached,Single Family,44.0961045,-123.0699325
15,6958,1,12/10/15 0:00,New Single Family Dwelling,1111,Single Family Dwelling,1,Northeast Neighbors,4246543,895790,New single family dwelling w/attached garage,9100,Vacant Land,0,11/12/15 12:47,NA,NA,The Middleton,3067 GUADALUPE WAY,1.70317E+12,2015,Single Family Detached,Single Family,44.0960296,-123.0696623
15,531,1,2/17/15 0:00,New Single Family Dwelling,1111,Single Family Dwelling,1,Northeast Neighbors,4246058,895913,New Single Family Home with Attached Garage,9100,Vacant Land,0,1/30/15 9:32,NA,NA,The Rockwood,3029 GUADALUPE WAY,1.70317E+12,2015,Single Family Detached,Single Family,44.0962594,-123.0699123
15,6718,1,11/25/15 0:00,New Single Family Dwelling,1111,Single Family Dwelling,1,Cal Young Neighborhood Association,4237302,888624,New Single Family Dwelling with attached Garage.,9100,Vacant Land,0,11/2/15 13:55,NA,NA,The Shaniko,935 WOODFIELD DR,1.70319E+12,2015,Single Family Detached,Single Family,44.075479,-123.1034631
15,4143,1,8/14/15 0:00,New Single Family Dwelling,1111,Single Family Dwelling,1,Cal Young Neighborhood Association,4237066,888462,New Single Family Dwelling w/ Attached Garage,9100,Vacant Land,0,7/22/15 12:30,NA,NA,The Thornsby,1220 WOODFIELD DR,1.70319E+12,2015,Single Family Detached,Single Family,44.075479,-123.1034631
15,6717,1,11/25/15 0:00,New Single Family Dwelling,1111,Single Family Dwelling,1,Cal Young Neighborhood Association,4237358,888623,New Single Family Dwelling with Attached Garage.,9100,Vacant Land,0,11/2/15 13:48,NA,NA,The Thornsby,943 WOODFIELD DR,1.70319E+12,2015,Single Family Detached,Single Family,44.075479,-123.1034631
15,6719,1,11/24/15 0:00,New Single Family Dwelling,1111,Single Family Dwelling,1,Cal Young Neighborhood Association,4237300,888511,New Single Family Dwelling with attached Garage,9100,Vacant Land,0,11/2/15 14:01,NA,NA,The Thornsby,932 WOODFIELD DR,1.70319E+12,2015,Single Family Detached,Single Family,44.075479,-123.1034631
15,7225,1,12/21/15 0:00,New Single Family Dwelling,1111,Single Family Dwelling,1,Cal Young Neighborhood Association,4237194,888626,New single family dwelling with attached garage,9100,Vacant Land,0,11/24/15 15:45,NA,NA,The Thornsby,917 WOODFIELD DR,1.70319E+12,2015,Single Family Detached,Single Family,44.075479,-123.1034631
14,7203,1,1/5/15 0:00,New Single Family Dwelling,1111,Single Family Dwelling,1,Cal Young Neighborhood Association,4237073,888559,New single family dwelling with attached garage,9100,Vacant Land,0,12/15/14 10:13,NA,NA,Thornsby,1232 WOODFIELD DR,1.70319E+12,2015,Single Family Detached,Single Family,44.0754971,-123.1037565
15,133,1,1/20/15 0:00,New Single Family Dwelling,1111,Single Family Dwelling,1,Santa Clara Community Organization,4225548,904143,New single family dwelling with attached garage,9100,Vacant Land,0,1/8/15 9:24,NA,NA,Thornsby,3744 WOODVIEW AVE,1.70403E+12,2015,Single Family Detached,Single Family,44.1167848,-123.1491171
15,5719,1,10/29/15 0:00,New Single Family Dwelling,1111,Single Family Dwelling,1,Churchill Area Neighbors,4224496,867962,New single family dwelling with attached garage,9100,Vacant Land,0,9/23/15 10:42,NA,NA,Timberline Hills 110,3571 MOUNTAIN QUAIL LN,1.8041E+12,2015,Single Family Detached,Single Family,,
15,1217,1,6/5/15 0:00,New Single Family Dwelling,1111,Single Family Dwelling,1,Churchill Area Neighbors,4224719,868679,New single family dwelling with attached garage,9100,Vacant Land,0,3/11/15 15:35,NA,NA,Timberline Hills lot 45,3380 VISTA HEIGHTS LN,1.8041E+12,2015,Single Family Detached,Single Family,44.0178751,-123.1499305
15,1535,1,6/5/15 0:00,New Single Family Dwelling,1111,Single Family Dwelling,1,Churchill Area Neighbors,4224776,868687,New single family dwelling with attached garage,9100,Vacant Land,0,3/27/15 15:20,NA,NA,Timberline Hills lot 46,3370 VISTA HEIGHTS LN,1.8041E+12,2015,Single Family Detached,Single Family,44.0178751,-123.1499305
15,1533,1,4/14/15 0:00,New Single Family Dwelling,1111,Single Family Dwelling,1,Cal Young Neighborhood Association,4242880,891802,New TOUR HOME Single Family Dwelling with attached Garage.,9100,Vacant Land,0,3/27/15 9:37,NA,NA,Tour Home,1936 LEMMING AVE,1.70317E+12,2015,Single Family Detached,Single Family,44.0838497,-123.0850984
14,7078,1,1/15/15 0:00,New Single Family Dwelling,1111,Single Family Dwelling,1,Active Bethel Citizens,4211844,889894,New single family dwelling with attached garage,9100,Vacant Land,0,12/9/14 13:19,NA,NA,Waterville,1853 ADELMAN LP,1.7042E+12,2015,Single Family Detached,Single Family,44.0767562,-123.1997157
15,2922,1,6/17/15 0:00,New Single Family Dwelling,1111,Single Family Dwelling,1,Santa Clara Community Organization,4226133,903637,New single family dwelling with attached garage,9100,Vacant Land,0,6/4/15 12:34,NA,NA,Westbrook,3606 STARK ST,1.70402E+12,2015,Single Family Detached,Single Family,44.1160343,-123.1466771
14,6129,1,4/6/15 0:00,New Single Family Dwelling,1111,Single Family Dwelling,1,Churchill Area Neighbors,4224006,867790,New single family dwelling with attached garage.  See 14-06130-01 for Erosion Prevention.,9100,Vacant Land,0,10/23/14 11:27,NA,NA,Wyatt 3-Car,3531 SUMMIT SKY BLVD,1.8041E+12,2015,Single Family Detached,Single Family,44.0174608,-123.1509556
13,6391,1,7/9/15 0:00,New Single Family Dwelling,1111,Single Family Dwelling,1,Friendly Area Neighbors,4237033,873858,New Single Family Dwelling with attached garage.,9100,Vacant Land,0,12/9/13 11:42,NA,NA,NA,2222 JEFFERSON ALY,1.80306E+12,2015,Single Family Detached,Single Family,44.0366684,-123.1020066
14,4400,1,1/15/15 0:00,New Single Family Dwelling,1111,Single Family Dwelling,1,Churchill Area Neighbors,4224943,867991,"New single family dwelling with attached garageErosion permit 14-04401-01",9100,Vacant Land,0,7/30/14 12:15,NA,NA,NA,3411 SUMMIT SKY BLVD,1.8041E+12,2015,Single Family Detached,Single Family,44.018831,-123.1492335
14,4735,1,1/15/15 0:00,New Single Family Dwelling,1111,Single Family Dwelling,1,Churchill Area Neighbors,4224963,867893,New single family dwelling with attached garage,9100,Vacant Land,0,8/14/14 15:15,NA,NA,NA,3423 SUMMIT SKY BLVD,1.8041E+12,2015,Single Family Detached,Single Family,44.018831,-123.1492335
14,5180,1,6/5/15 0:00,New Single Family Dwelling,1111,Single Family Dwelling,1,Churchill Area Neighbors,4224655,869217,"New single family dwelling with attached garageErosion prevention on 14-05179-01",9100,Vacant Land,0,9/26/14 0:00,NA,NA,NA,3274 TIMBERLINE DR,1.80411E+12,2015,Single Family Detached,Single Family,44.0212618,-123.1491255
14,5429,1,6/5/15 0:00,New Single Family Dwelling,1111,Single Family Dwelling,1,Churchill Area Neighbors,4224800,869202,New single family dwelling with attached garage,9100,Vacant Land,0,9/26/14 0:00,NA,NA,NA,3278 TIMBERLINE DR,1.80411E+12,2015,Single Family Detached,Single Family,44.0213776,-123.1491756
14,5552,1,4/14/15 0:00,New Single Family Dwelling,1111,Single Family Dwelling,1,Churchill Area Neighbors,4225790,869568,New single family dwelling with attached garage,9100,Vacant Land,0,9/24/14 10:18,NA,NA,NA,3033 DEERBRUSH WAY,1.80411E+12,2015,Single Family Detached,Single Family,44.0226574,-123.1440901
14,6552,1,1/7/15 0:00,New Single Family Dwelling,1111,Single Family Dwelling,1,River Road Community Organization,4225084,895780,New single family dwelling with attached garage,9100,Vacant Land,0,11/13/14 10:10,NA,NA,NA,1924 DEBRA SUE CT,1.70415E+12,2015,Single Family Detached,Single Family,44.0944324,-123.1498683
14,7014,1,1/6/15 0:00,New Single Family Dwelling,1111,Single Family Dwelling,1,River Road Community Organization,4227078,890050,New single family dwelling with attached garage,9100,Vacant Land,0,12/9/14 0:00,NA,NA,NA,1146 VERONICA LN,1.70423E+12,2015,Single Family Detached,Single Family,44.0788331,-123.1412734
14,7110,1,1/5/15 0:00,New Single Family Dwelling,1111,Single Family Dwelling,1,Churchill Area Neighbors,4224253,877010,New Single Family Dwelling with attached Garage. (Tamarack Model),9100,Vacant Land,0,12/10/14 12:17,NA,NA,NA,3792 PACHYSANDRA PL,1.70434E+12,2015,Single Family Detached,Single Family,44.0428353,-123.1492433
14,7257,1,1/27/15 0:00,New Single Family Dwelling,1111,Single Family Dwelling,1,Southeast Neighbors,4243344,868621,Demolish existing house and build new single family dwelling on same lot with same address.,1111,Single Family Dwelling,0,12/17/14 10:47,NA,NA,NA,3260 HARRIS ST,1.80308E+12,2015,Single Family Detached,Single Family,44.0213607,-123.0775343
15,143,1,2/6/15 0:00,New Single Family Dwelling,1111,Single Family Dwelling,1,Laurel Hill Valley Citizens,4253430,872269,New Single Family Dwelling with attached Garage.,9100,Vacant Land,0,1/8/15 13:30,NA,NA,NA,3652 ROCKCRESS RD,1.80303E+12,2015,Single Family Detached,Single Family,44.0319545,-123.0393007
15,172,1,1/26/15 0:00,New Single Family Dwelling,1111,Single Family Dwelling,1,Cal Young Neighborhood Association,4242276,890272,New single family dwelling with attached garage,9100,Vacant Land,0,1/9/15 15:18,NA,NA,NA,1616 COLBY CT,1.7032E+12,2015,Single Family Detached,Single Family,44.080672,-123.0838463
15,227,1,1/26/15 0:00,New Single Family Dwelling,1111,Single Family Dwelling,1,Harlow Neighbors,4247967,880961,New Single Family Home with attached Garage.,9100,Vacant Land,0,1/13/15 15:46,NA,NA,NA,3217 BOARDWALK AVE,1.70333E+12,2015,Single Family Detached,Single Family,44.0549504,-123.0599639
15,254,1,1/30/15 0:00,New Single Family Dwelling,1111,Single Family Dwelling,1,Active Bethel Citizens,4212056,889770,New single family dwelling with attached garage,9100,Vacant Land,0,1/15/15 10:24,NA,NA,NA,1490 MCCARTY WAY,1.7042E+12,2015,Single Family Detached,Single Family,44.0770069,-123.19879
15,321,1,2/10/15 0:00,New Single Family Dwelling,1111,Single Family Dwelling,1,Cal Young Neighborhood Association,4237250,888623,New single family dwelling with attached garage,9100,Vacant Land,0,1/20/15 10:25,NA,NA,NA,921 WOODFIELD DR,1.70319E+12,2015,Single Family Detached,Single Family,44.075479,-123.1034631
15,428,1,2/5/15 0:00,New Single Family Dwelling,1111,Single Family Dwelling,1,Northeast Neighbors,4249027,895345,New single family dwelling with attached garage,9100,Vacant Land,0,1/26/15 12:20,NA,NA,NA,2982 LORD BYRON PL,1.70316E+12,2015,Single Family Detached,Single Family,44.095107,-123.058788
15,453,1,2/20/15 0:00,New Single Family Dwelling,1111,Single Family Dwelling,1,Harlow Neighbors,4249492,890270,New single family dwelling with attached garage,9100,Vacant Land,0,1/26/15 15:30,NA,NA,NA,1595 VICTORIAN WAY,1.70321E+12,2015,Single Family Detached,Single Family,44.0814129,-123.0570328
15,497,1,4/7/15 0:00,New Single Family Dwelling,1111,Single Family Dwelling,1,Cal Young Neighborhood Association,4238836,886054,New single family dwelling with attached garage.,9100,Vacant Land,0,1/28/15 13:57,NA,NA,NA,1048 ABBIE LN,1.7033E+12,2015,Single Family Detached,Single Family,44.0688275,-123.0962053
15,550,1,3/16/15 0:00,New Single Family Dwelling,1111,Single Family Dwelling,1,Southwest Hills Neighborhood Association,4238103,862848,"New single family dwelling with attached garageErosion permit # 15-00216-01",9100,Vacant Land,0,1/30/15 14:53,NA,NA,NA,160 ROCKRIDGE LP,1.80318E+12,2015,Single Family Detached,Single Family,44.0034595,-123.0982406
15,557,1,2/17/15 0:00,New Single Family Dwelling,1111,Single Family Dwelling,1,River Road Community Organization,4227039,890083,New Single Family Dwelling with attached Garage.,9100,Vacant Land,0,2/2/15 9:06,NA,NA,NA,1152 VERONICA LN,1.70423E+12,2015,Single Family Detached,Single Family,44.0788331,-123.1412734
15,560,1,2/17/15 0:00,New Single Family Dwelling,1111,Single Family Dwelling,1,River Road Community Organization,4226955,890223,New Single Family Dwelling with Attached Garage.,9100,Vacant Land,0,2/2/15 9:25,NA,NA,NA,1172 VERONICA LN,1.70423E+12,2015,Single Family Detached,Single Family,44.0788331,-123.1412734
15,562,1,2/19/15 0:00,New Single Family Dwelling,1111,Single Family Dwelling,1,River Road Community Organization,4226958,890283,New Single Family Dwelling with attached Garage.,9100,Vacant Land,0,2/2/15 10:00,NA,NA,NA,1180 VERONICA LN,1.70423E+12,2015,Single Family Detached,Single Family,44.0788331,-123.1412734
15,642,1,4/8/15 0:00,New Single Family Dwelling,1111,Single Family Dwelling,1,Laurel Hill Valley Citizens,4253164,871910,"New Single Family Dwelling Home with attached Garage**Erosion Prevention Permit 15-00640-01",9100,Vacant Land,0,2/5/15 15:32,NA,NA,NA,3648 SNOWBERRY RD,1.80303E+12,2015,Single Family Detached,Single Family,44.0301976,-123.0417141
15,693,1,3/3/15 0:00,New Single Family Dwelling,1111,Single Family Dwelling,1,Southeast Neighbors,4246365,863399,"New single family dwelling with attached garageErosion permit# 15- 00694-01",9100,Vacant Land,0,2/10/15 10:30,NA,NA,NA,1855 E 43RD AVE,1.80316E+12,2015,Single Family Detached,Single Family,44.0071215,-123.0659395
15,736,1,2/26/15 0:00,New Single Family Dwelling,1111,Single Family Dwelling,1,River Road Community Organization,4225240,895808,New single family dwelling with attached garage,9100,Vacant Land,0,2/11/15 15:28,NA,NA,NA,1943 DEBRA SUE CT,1.70415E+12,2015,Single Family Detached,Single Family,44.0944721,-123.1497921
15,819,1,3/27/15 0:00,New Single Family Dwelling,1111,Single Family Dwelling,1,Active Bethel Citizens,4216938,892671,New Single Family Dwelling with attached Garage.,9100,Vacant Land,0,2/17/15 15:10,NA,NA,NA,2035 DEVOS ST,1.70416E+12,2015,Single Family Detached,Single Family,44.0850531,-123.1811085
15,869,1,4/23/15 0:00,New Single Family Dwelling,1111,Single Family Dwelling,1,Southeast Neighbors,4246667,863849,"New single family dwelling with attached garage and bonus roomFire Sprinklers Required 13-D System / Electrical on separate permit-15-05427-01",9100,Vacant Land,0,2/19/15 13:06,NA,NA,NA,4214 WENDELL LN,1.80316E+12,2015,Single Family Detached,Single Family,44.008729,-123.0642398
15,871,1,3/6/15 0:00,New Single Family Dwelling,1111,Single Family Dwelling,1,River Road Community Organization,4225245,895885,New single family dwelling with attached garage,9100,Vacant Land,0,2/19/15 15:05,NA,NA,NA,1955 DEBRA SUE CT,1.70415E+12,2015,Single Family Detached,Single Family,44.0946326,-123.1497804
15,983,1,3/11/15 0:00,New Single Family Dwelling,1111,Single Family Dwelling,1,Active Bethel Citizens,4220295,895387,New single family dwelling with attached garage,9100,Vacant Land,0,2/25/15 16:53,NA,NA,NA,4215 HEINS CT,1.70416E+12,2015,Single Family Detached,Single Family,44.0924905,-123.1689023
15,1012,1,3/23/15 0:00,New Single Family Dwelling,1111,Single Family Dwelling,1,River Road Community Organization,4225082,895715,New single family dwelling with attached garage,9100,Vacant Land,0,2/26/15 16:37,NA,NA,NA,1920 DEBRA SUE CT,1.70415E+12,2015,Single Family Detached,Single Family,44.0944058,-123.1499186
15,1014,1,3/16/15 0:00,New Single Family Dwelling,1111,Single Family Dwelling,1,River Road Community Organization,4225236,895715,New single family dwelling with attached garage,9100,Vacant Land,0,2/26/15 16:45,NA,NA,NA,1905 DEBRA SUE CT,1.70415E+12,2015,Single Family Detached,Single Family,44.094045,-123.150061
15,1026,1,5/20/15 0:00,New Single Family Dwelling,1111,Single Family Dwelling,1,Southeast Neighbors,4241380,869217,New single family dwelling with attached garage,1111,Single Family Dwelling,0,2/27/15 12:41,NA,NA,NA,420 E 31ST AVE,1.80308E+12,2015,Single Family Detached,Single Family,44.022735,-123.085067
15,1086,1,3/17/15 0:00,New Single Family Dwelling,1111,Single Family Dwelling,1,Churchill Area Neighbors,4224963,876913,New Single Family Dwelling with attached Garage.,9100,Vacant Land,0,3/3/15 11:49,NA,NA,NA,3712 PACHYSANDRA PL,1.70434E+12,2015,Single Family Detached,Single Family,44.0428353,-123.1492433
15,1126,1,3/26/15 0:00,New Single Family Dwelling,1111,Single Family Dwelling,1,Northeast Neighbors,4249030,895380,New single family dwelling with attached garage,9100,Vacant Land,0,3/4/15 12:49,NA,NA,NA,2992 LORD BYRON PL,1.70316E+12,2015,Single Family Detached,Single Family,44.095196,-123.059048
15,1127,1,3/18/15 0:00,New Single Family Dwelling,1111,Single Family Dwelling,1,Santa Clara Community Organization,4230385,907121,"Building New Log Cabin Kit Home**Must REMOVE existing structure prior to completion and prior to occupancy or incurr additional  SDC Charges.",1111,Single Family Dwelling,1,3/4/15 12:56,NA,NA,NA,4314 SCENIC DR,1.70402E+12,2015,Single Family Detached,Single Family,44.1257345,-123.1305294
15,1147,1,3/18/15 0:00,New Single Family Dwelling,1111,Single Family Dwelling,1,Northeast Neighbors,4245945,895812,New single family dwelling with attached garage,9100,Vacant Land,0,3/5/15 10:41,NA,NA,NA,3012 GUADALUPE WAY,1.70317E+12,2015,Single Family Detached,Single Family,44.0962594,-123.0699123
15,1149,1,4/28/15 0:00,New Single Family Dwelling,1111,Single Family Dwelling,1,Harlow Neighbors,4249659,885511,New Single Family Dwelling with attached garage.,9100,Vacant Land,0,3/5/15 11:36,NA,NA,NA,541 HONEYSUCKLE LN,1.70328E+12,2015,Single Family Detached,Single Family,44.06808,-123.0560893
15,1162,1,3/24/15 0:00,New Single Family Dwelling,1111,Single Family Dwelling,1,River Road Community Organization,4230698,886992,Rebuild single family dwelling damaged in fire,1111,Single Family Dwelling,1,3/5/15 16:36,NA,NA,NA,275 KNAPP LN,1.70423E+12,2015,Single Family Detached,Single Family,44.070659,-123.12779
15,1185,1,5/11/15 0:00,New Single Family Dwelling,1111,Single Family Dwelling,1,Northeast Neighbors,4250727,893318,New single family dwelling with attached garage,9100,Vacant Land,0,3/6/15 16:20,NA,NA,NA,3358 AMHERST WAY,1.70316E+12,2015,Single Family Detached,Single Family,44.0899091,-123.0520814
15,1204,1,3/26/15 0:00,New Single Family Dwelling,1111,Single Family Dwelling,1,Laurel Hill Valley Citizens,4251731,872257,New single family dwelling with attached garage,1111,Single Family Dwelling,0,3/9/15 12:33,NA,NA,NA,2550 LAUREL HILL DR,1.80303E+12,2015,Single Family Detached,Single Family,44.0313967,-123.0458144
15,1229,1,4/3/15 0:00,New Single Family Dwelling,1111,Single Family Dwelling,1,River Road Community Organization,4232435,894928,New single family dwelling with attached garage,9100,Vacant Land,0,3/10/15 11:34,NA,NA,NA,217 OWOSSO DR,1.70413E+12,2015,Single Family Detached,Single Family,44.0921283,-123.1220784
15,1254,1,3/26/15 0:00,New Single Family Dwelling,1111,Single Family Dwelling,1,Cal Young Neighborhood Association,4237187,888509,New single family dwelling with attached garage,9100,Vacant Land,0,3/11/15 14:04,NA,NA,NA,918 WOODFIELD DR,1.70319E+12,2015,Single Family Detached,Single Family,44.075479,-123.1034631
15,1343,1,4/2/15 0:00,New Single Family Dwelling,1111,Single Family Dwelling,1,Northeast Neighbors,4242760,900229,New single family dwelling with attached garage,9100,Vacant Land,0,3/17/15 11:23,NA,NA,NA,1930 STERLING PARK PL,1.70308E+12,2015,Single Family Detached,Single Family,44.1081775,-123.0820313
15,1481,1,4/8/15 0:00,New Single Family Dwelling,1111,Single Family Dwelling,1,River Road Community Organization,4231476,891562,New single family dwelling with attached garage,5969,Nurseries-Garden & Farm,0,3/24/15 13:21,NA,NA,NA,140 ROSETTA AVE,1.70424E+12,2015,Single Family Detached,Single Family,44.0834533,-123.1250286
15,1527,1,4/9/15 0:00,New Single Family Dwelling,1111,Single Family Dwelling,1,Santa Clara Community Organization,4231851,900698,New Single Family Dwelling with attached Garage - Wood Framed.,9100,Vacant Land,0,3/26/15 13:28,NA,NA,NA,527 SILVER MEADOWS DR,1.70412E+12,2015,Single Family Detached,Single Family,44.1080843,-123.1252313
15,1528,1,4/13/15 0:00,New Single Family Dwelling,1111,Single Family Dwelling,1,Santa Clara Community Organization,4225546,903770,New Single Family Dwelling with attached Garage,9100,Vacant Land,0,3/26/15 14:08,NA,NA,NA,924 LEONARDS WAY,1.70403E+12,2015,Single Family Detached,Single Family,44.1167635,-123.1499793
15,1529,1,4/13/15 0:00,New Single Family Dwelling,1111,Single Family Dwelling,1,Santa Clara Community Organization,4225550,903829,New Single Family Dwelling with Attached Garage.,9100,Vacant Land,0,3/26/15 14:11,NA,NA,NA,928 LEONARDS WAY,1.70403E+12,2015,Single Family Detached,Single Family,44.1167641,-123.1500152
15,1537,1,5/8/15 0:00,New Single Family Dwelling,1111,Single Family Dwelling,1,Cal Young Neighborhood Association,4239690,887413,New Custom Home on existing lot with attached garage.,9100,Vacant Land,0,3/27/15 11:52,NA,NA,NA,1191 CRENSHAW RD,1.70319E+12,2015,Single Family Detached,Single Family,44.0729489,-123.0938227
15,1557,1,4/24/15 0:00,New Single Family Dwelling,1111,Single Family Dwelling,1,River Road Community Organization,4227082,890284,"New Single Family Dwelling with attached garage - 3 bedrooms, 2 baths.",1111,Single Family Dwelling,0,3/30/15 12:26,NA,NA,NA,1181 VERONICA LN,1.70423E+12,2015,Single Family Detached,Single Family,44.0788331,-123.1412734
15,1641,1,5/6/15 0:00,New Single Family Dwelling,1111,Single Family Dwelling,1,Northeast Neighbors,4243017,900226,New single family dwelling with attached garage,9100,Vacant Land,0,4/2/15 12:57,NA,NA,NA,2008 STERLING PARK PL,1.70308E+12,2015,Single Family Detached,Single Family,44.1081775,-123.0820313
15,1695,1,6/19/15 0:00,New Single Family Dwelling,1111,Single Family Dwelling,1,Southeast Neighbors,4247915,862891,New single family dwelling with attached garage,9100,Vacant Land,0,4/6/15 13:52,NA,NA,NA,4435 SPRING BLVD,1.80316E+12,2015,Single Family Detached,Single Family,44.0071548,-123.0601283
15,1719,1,4/28/15 0:00,New Single Family Dwelling,1111,Single Family Dwelling,1,Southeast Neighbors,4244521,867213,"New single family dwelling with attached garage, and lower level wet bar (NOT an SDU)pending initial erosion inspection",9100,Vacant Land,0,4/7/15 11:55,NA,NA,NA,3612 EMERALD ST,1.80308E+12,2015,Single Family Detached,Single Family,44.0176344,-123.0726076
15,1788,1,4/28/15 0:00,New Single Family Dwelling,1111,Single Family Dwelling,1,Northeast Neighbors,4243122,897289,New Single Family Dwelling with attached garage.,9100,Vacant Land,0,4/9/15 13:32,NA,NA,NA,2083 LAKELAND WAY,1.70308E+12,2015,Single Family Detached,Single Family,44.0997984,-123.081826
15,1914,1,5/22/15 0:00,New Single Family Dwelling,1111,Single Family Dwelling,1,Cal Young Neighborhood Association,4237554,888368,New single family dwelling,9100,Vacant Land,0,4/17/15 10:24,NA,NA,NA,1213 LITTLE JOHN LN,1.70319E+12,2015,Single Family Detached,Single Family,44.0750278,-123.1021091
15,1915,1,5/22/15 0:00,New Single Family Dwelling,1111,Single Family Dwelling,1,Cal Young Neighborhood Association,4237436,888372,New single family dwelling,9100,Vacant Land,0,4/17/15 10:29,NA,NA,NA,1210 LITTLE JOHN LN,1.70319E+12,2015,Single Family Detached,Single Family,44.0750149,-123.1021095
15,1920,1,5/19/15 0:00,New Single Family Dwelling,1111,Single Family Dwelling,1,Southwest Hills Neighborhood Association,4235715,870301,"New single family dwelling, attached garage and above garage living area - NOT an SDU",9100,Vacant Land,0,4/17/15 12:04,NA,NA,NA,2925 ADAMS ST,1.80307E+12,2015,Single Family Detached,Single Family,44.0250834,-123.1070785
15,1922,1,5/13/15 0:00,New Single Family Dwelling,1111,Single Family Dwelling,1,River Road Community Organization,4224699,894876,New single family dwelling with attached garage,9100,Vacant Land,0,4/17/15 12:38,NA,NA,NA,1811 ALLEA DR,1.70415E+12,2015,Single Family Detached,Single Family,44.0904542,-123.1513927
15,2237,1,5/19/15 0:00,New Single Family Dwelling,1111,Single Family Dwelling,1,Santa Clara Community Organization,4222282,902720,New single family dwelling with attached garage,9100,Vacant Land,0,5/1/15 15:47,NA,NA,NA,3483 CABERNET LN,1.7041E+12,2015,Single Family Detached,Single Family,44.1127151,-123.1622451
15,2440,1,6/11/15 0:00,New Single Family Dwelling,1111,Single Family Dwelling,1,Santa Clara Community Organization,4230150,901306,"Single Family Dwelling with attached garage.*** GREEN BUILDING ***",9100,Vacant Land,0,5/12/15 14:19,NA,NA,NA,90 GRIZZLY AVE,1.70411E+12,2015,Single Family Detached,Single Family,44.1100166,-123.1262733
15,2441,1,6/11/15 0:00,New Single Family Dwelling,1111,Single Family Dwelling,1,Santa Clara Community Organization,4230069,901312,"Single Family Dwelling with attached garage.*** GREEN BUILDING ***",9100,Vacant Land,0,5/12/15 14:22,NA,NA,NA,86 GRIZZLY AVE,1.70411E+12,2015,Single Family Detached,Single Family,44.1100166,-123.1262733
15,2709,1,7/14/15 0:00,New Single Family Dwelling,1111,Single Family Dwelling,1,Northeast Neighbors,4242793,900353,New Single Family Dwelling with attached Garage- 2080 sq. ft.,9100,Vacant Land,0,5/26/15 13:20,NA,NA,NA,3854 NICOLE WAY,1.70308E+12,2015,Single Family Detached,Single Family,44.108571,-123.0820498
15,2896,1,8/5/15 0:00,New Single Family Dwelling,1111,Single Family Dwelling,1,Northeast Neighbors,4243701,898759,New single family dwelling with attached garage and basketball court,9100,Vacant Land,0,6/3/15 9:58,NA,NA,NA,3560 WALTON LN,1.70308E+12,2015,Single Family Detached,Single Family,44.1047285,-123.0785886
15,2906,1,6/24/15 0:00,New Single Family Dwelling,1111,Single Family Dwelling,1,Santa Clara Community Organization,4231930,900831,New Single Family Dwelling with attached garage,9100,Vacant Land,0,6/3/15 15:14,NA,NA,NA,296 DIBBLEE LN,1.70412E+12,2015,Single Family Detached,Single Family,44.1088874,-123.1250497
15,2909,1,6/24/15 0:00,New Single Family Dwelling,1111,Single Family Dwelling,1,Santa Clara Community Organization,4229919,901486,New single family dwelling with attached garage.,9100,Vacant Land,0,6/3/15 15:42,NA,NA,NA,71 GRIZZLY AVE,1.70411E+12,2015,Single Family Detached,Single Family,44.1100166,-123.1262733
15,2956,1,6/25/15 0:00,New Single Family Dwelling,1111,Single Family Dwelling,1,Churchill Area Neighbors,4224364,877125,New single family dwelling with attached garage,9100,Vacant Land,0,6/5/15 14:49,NA,NA,NA,3781 PACHYSANDRA PL,1.70434E+12,2015,Single Family Detached,Single Family,44.0428353,-123.1492433
15,2959,1,7/16/15 0:00,New Single Family Dwelling,1111,Single Family Dwelling,1,Friendly Area Neighbors,4238409,872701,New single family dwelling with attached garage,9100,Vacant Land,0,6/5/15 16:20,NA,NA,NA,2477 LINCOLN ST,1.80306E+12,2015,Single Family Detached,Single Family,44.0321511,-123.0970115
15,2985,1,7/16/15 0:00,New Single Family Dwelling,1111,Single Family Dwelling,1,Active Bethel Citizens,4213287,892845,Create new single family dwelling by expanding existing detached garage,1111,Single Family Dwelling,1,6/8/15 14:24,NA,NA,NA,5415 BARGER DR,1.70417E+12,2015,Single Family Detached,Single Family,44.0846739,-123.194843
15,3112,1,10/8/15 0:00,New Single Family Dwelling,1111,Single Family Dwelling,1,Santa Clara Community Organization,4226378,904787,"New Single Family Dwelling with attached garage.**Erosion Permit #15-03111-01",9100,Vacant Land,0,6/11/15 0:00,NA,NA,NA,370 MACKIN AVE,1.70402E+12,2015,Single Family Detached,Single Family,44.1194578,-123.1458369
15,3160,1,7/23/15 0:00,New Single Family Dwelling,1111,Single Family Dwelling,1,Northeast Neighbors,4244650,899444,New single family dwelling w/attached garage.,9100,Vacant Land,0,6/29/15 0:00,NA,NA,NA,3711 NORWICH AVE,1.70308E+12,2015,Single Family Detached,Single Family,44.1060175,-123.076504
15,3186,1,7/2/15 0:00,New Single Family Dwelling,1111,Single Family Dwelling,1,Harlow Neighbors,4247854,880890,"New Single Family Dwelling Home**Erosion Prevention Permit - 15-03187-01",9100,Vacant Land,0,6/15/15 9:36,NA,NA,NA,3218 BOARDWALK AVE,1.70333E+12,2015,Single Family Detached,Single Family,44.0553349,-123.0612165
15,3262,1,7/20/15 0:00,New Single Family Dwelling,1111,Single Family Dwelling,1,Southwest Hills Neighborhood Association,4237037,867847,New single family dwelling with attached garage,1111,Single Family Dwelling,0,6/17/15 15:01,NA,NA,NA,610 FULVUE DR,1.80307E+12,2015,Single Family Detached,Single Family,44.018721,-123.101487
15,3266,1,7/13/15 0:00,New Single Family Dwelling,1111,Single Family Dwelling,1,River Road Community Organization,4232162,888232,New single family dwelling with attached garage,1111,Single Family Dwelling,1,6/17/15 15:52,NA,NA,NA,380 PARK AVE,1.70424E+12,2015,Single Family Detached,Single Family,44.074089,-123.122335
15,3285,1,7/28/15 0:00,New Single Family Dwelling,1111,Single Family Dwelling,1,Laurel Hill Valley Citizens,4253150,872025,New single family dwelling with attached garage,9100,Vacant Land,0,6/18/15 15:16,NA,NA,NA,2645 ABIGAIL LN,1.80303E+12,2015,Single Family Detached,Single Family,44.0321981,-123.0407524
15,3402,1,7/15/15 0:00,New Single Family Dwelling,1111,Single Family Dwelling,1,Southwest Hills Neighborhood Association,4230666,872585,New single family dwelling on existing foundation (replacement home),1111,Single Family Dwelling,0,6/23/15 14:32,NA,NA,NA,2235 CORINTHIAN CT,1.80401E+12,2015,Single Family Detached,Single Family,44.0302335,-123.1263903
15,3425,1,7/10/15 0:00,New Single Family Dwelling,1111,Single Family Dwelling,1,Harlow Neighbors,4250618,888856,New Single Family with attached Garage,9100,Vacant Land,0,6/24/15 13:17,NA,NA,NA,1182 REGENCY DR,1.70321E+12,2015,Single Family Detached,Single Family,44.0776333,-123.0529753
15,3515,1,7/14/15 0:00,New Single Family Dwelling,1111,Single Family Dwelling,1,Cal Young Neighborhood Association,4242994,891748,New Single Family Dwelling with attached garage.,9100,Vacant Land,0,6/26/15 15:49,NA,NA,NA,1972 GILHAM RD,1.70317E+12,2015,Single Family Detached,Single Family,44.084824,-123.082119
15,3665,1,7/29/15 0:00,New Single Family Dwelling,1111,Single Family Dwelling,1,Santa Clara Community Organization,4229979,901485,New single family dwelling with attached garage,9100,Vacant Land,0,7/2/15 14:55,NA,NA,NA,83 GRIZZLY AVE,1.70411E+12,2015,Single Family Detached,Single Family,44.1100166,-123.1262733
15,3709,1,7/29/15 0:00,New Single Family Dwelling,1111,Single Family Dwelling,1,Santa Clara Community Organization,4231171,901545,New Single Family Dwelling with attached Garage.,9100,Vacant Land,0,7/6/15 13:34,NA,NA,NA,522 WEDGEWOOD DR,1.70412E+12,2015,Single Family Detached,Single Family,44.1108831,-123.1288617
15,3771,1,7/31/15 0:00,New Single Family Dwelling,1111,Single Family Dwelling,1,Northeast Neighbors,4248305,897268,New single family dwelling with attached garage,9100,Vacant Land,0,7/7/15 17:02,NA,NA,NA,75 HILL VIEW LANE 1,1.70309E+12,2015,Single Family Detached,Single Family,44.1000621,-123.0618468
15,3853,1,7/28/15 0:00,New Single Family Dwelling,1111,Single Family Dwelling,1,Santa Clara Community Organization,4225593,903680,New Single Family Dwelling with attached garage.,9100,Vacant Land,0,7/10/15 14:09,NA,NA,NA,939 IRVINGTON DR,1.70403E+12,2015,Single Family Detached,Single Family,44.1157063,-123.1491893
15,4063,1,8/4/15 0:00,New Single Family Dwelling,1111,Single Family Dwelling,1,Santa Clara Community Organization,4231120,901733,New single family dwelling with attached garage,9100,Vacant Land,0,7/17/15 15:33,NA,NA,NA,515 WEDGEWOOD DR,1.70412E+12,2015,Single Family Detached,Single Family,44.1108831,-123.1288617
15,4202,1,8/13/15 0:00,New Single Family Dwelling,1111,Single Family Dwelling,1,Santa Clara Community Organization,4221945,902695,New Single Family Dwelling with two car attached garage,9100,Vacant Land,0,7/23/15 14:38,NA,NA,NA,3486 CABERNET LN,1.7041E+12,2015,Single Family Detached,Single Family,44.1127271,-123.1622514
15,4270,1,8/26/15 0:00,New Single Family Dwelling,1111,Single Family Dwelling,1,Active Bethel Citizens,4212562,892610,New single family dwelling with attached garage,9100,Vacant Land,0,7/27/15 14:41,NA,NA,NA,5553 TRADITION ALY,1.7042E+12,2015,Single Family Detached,Single Family,44.0843307,-123.1976541
15,4497,1,9/24/15 0:00,New Single Family Dwelling,1111,Single Family Dwelling,1,Southwest Hills Neighborhood Association,4235792,860036,New single family dwelling with attached garage,9100,Vacant Land,0,8/5/15 10:52,NA,NA,NA,255 W 52ND AVE,1.80318E+12,2015,Single Family Detached,Single Family,43.9969256,-123.103249
15,4756,1,9/14/15 0:00,New Single Family Dwelling,1111,Single Family Dwelling,1,Santa Clara Community Organization,4230035,901475,New single family dwelling with attached garage,9100,Vacant Land,0,8/14/15 11:44,NA,NA,NA,87 GRIZZLY AVE,1.70411E+12,2015,Single Family Detached,Single Family,44.1100166,-123.1262733
15,4757,1,9/14/15 0:00,New Single Family Dwelling,1111,Single Family Dwelling,1,Northeast Neighbors,4242864,897390,New Single Family Dwelling with attached Garage.,9100,Vacant Land,0,8/14/15 12:26,NA,NA,NA,2016 LAKE SHORE DR,1.70308E+12,2015,Single Family Detached,Single Family,44.1003372,-123.0829612
15,4803,1,9/21/15 0:00,New Single Family Dwelling,1111,Single Family Dwelling,1,Fairmount Neighbors,4247122,870944,"New Single Family Dwelling with attached Garage.Erosion Permit #15-04804-01",9100,Vacant Land,0,8/17/15 15:39,NA,NA,NA,2821 CENTRAL BLVD,1.80304E+12,2015,Single Family Detached,Single Family,44.0279457,-123.0637537
15,5053,1,10/21/15 0:00,New Single Family Dwelling,1111,Single Family Dwelling,1,Northeast Neighbors,4244664,899829,New single family dwelling with attached garage,9100,Vacant Land,0,8/25/15 14:45,NA,NA,NA,2259 LATHEN WAY,1.70308E+12,2015,Single Family Detached,Single Family,,
15,5054,1,10/21/15 0:00,New Single Family Dwelling,1111,Single Family Dwelling,1,Northeast Neighbors,4244731,900015,New single family dwelling with attached garage,9100,Vacant Land,0,8/25/15 15:05,NA,NA,NA,2289 LATHEN WAY,1.70308E+12,2015,Single Family Detached,Single Family,,
15,5124,1,12/1/15 0:00,New Single Family Dwelling,1111,Single Family Dwelling,1,Northeast Neighbors,4242811,900229,New single family dwelling with attached garage,9100,Vacant Land,0,8/27/15 16:21,NA,NA,NA,1950 STERLING PARK PL,1.70308E+12,2015,Single Family Detached,Single Family,44.1081775,-123.0820313
15,5310,1,10/7/15 0:00,New Single Family Dwelling,1111,Single Family Dwelling,1,Cal Young Neighborhood Association,4242989,891689,New Single Family Dwelling with attached Garage,9100,Vacant Land,0,9/4/15 14:42,NA,NA,NA,1966 GILHAM RD,1.70317E+12,2015,Single Family Detached,Single Family,44.0845256,-123.0812943
15,5373,1,10/6/15 0:00,New Single Family Dwelling,1111,Single Family Dwelling,1,Northeast Neighbors,4246274,895884,New Single Family Dwelling with attached garage.,9100,Vacant Land,0,9/9/15 14:43,NA,NA,NA,3045 GUADALUPE WAY,1.70317E+12,2015,Single Family Detached,Single Family,44.0960296,-123.0696623
15,5442,1,10/8/15 0:00,New Single Family Dwelling,1111,Single Family Dwelling,1,Santa Clara Community Organization,4231459,901538,New single family dwelling with attached garage,9100,Vacant Land,0,9/11/15 13:53,NA,NA,NA,548 WEDGEWOOD DR,1.70412E+12,2015,Single Family Detached,Single Family,44.1108831,-123.1288617
15,5459,1,10/19/15 0:00,New Single Family Dwelling,1111,Single Family Dwelling,1,River Road Community Organization,4224620,894890,New single family dwelling with attached garage,9100,Vacant Land,0,9/11/15 15:33,NA,NA,NA,1851 ALLEA DR,1.70415E+12,2015,Single Family Detached,Single Family,44.0909345,-123.1515182
15,5607,1,12/15/15 0:00,New Single Family Dwelling,1111,Single Family Dwelling,1,Laurel Hill Valley Citizens,4253250,871786,New single family dwelling with attached garage,9100,Vacant Land,0,9/17/15 14:09,NA,NA,NA,3655 SNOWBERRY RD,1.80303E+12,2015,Single Family Detached,Single Family,44.0301976,-123.0417141
15,5612,1,10/5/15 0:00,New Single Family Dwelling,1111,Single Family Dwelling,1,Unknown,NA,NA,New single family dwelling with attached garage,9100,Vacant Land,0,9/18/15 10:34,NA,NA,NA,877 OAKWAY RD,1.7032E+12,2015,Single Family Detached,Single Family,44.071496,-123.0785607
15,5730,1,11/4/15 0:00,New Single Family Dwelling,1111,Single Family Dwelling,1,Northeast Neighbors,4242909,900353,New single family dwelling with attached garage,9100,Vacant Land,0,9/22/15 16:06,NA,NA,NA,3857 NICOLE WAY,1.70308E+12,2015,Single Family Detached,Single Family,,
15,5831,1,10/19/15 0:00,New Single Family Dwelling,1111,Single Family Dwelling,1,River Road Community Organization,4225164,895646,New single family dwelling with attached garage,9100,Vacant Land,0,9/25/15 13:35,NA,NA,NA,1910 DEBRA SUE CT,1.70415E+12,2015,Single Family Detached,Single Family,44.0943341,-123.1500356
15,5868,1,12/1/15 0:00,New Single Family Dwelling,1111,Single Family Dwelling,1,Laurel Hill Valley Citizens,4253150,871682,New single family dwelling with attached garage,9100,Vacant Land,0,9/28/15 14:31,NA,NA,NA,3635 SNOWBERRY RD,1.80303E+12,2015,Single Family Detached,Single Family,44.0301976,-123.0417141
15,6014,1,11/23/15 0:00,New Single Family Dwelling,1111,Single Family Dwelling,1,Cal Young Neighborhood Association,4245786,886145,New Single Family Dwelling with attached Garage and (2) wastewater drylines for future lots.,9100,Vacant Land,0,10/2/15 14:06,NA,NA,NA,2365 PIONEER PIKE,1.7032E+12,2015,Single Family Detached,Single Family,44.0699284,-123.070369
15,6031,1,10/22/15 0:00,New Single Family Dwelling,1111,Single Family Dwelling,1,Northeast Neighbors,4246400,895805,New single family dwelling with attached garage,9100,Vacant Land,0,10/5/15 10:02,NA,NA,NA,3055 GUADALUPE WAY,1.70317E+12,2015,Single Family Detached,Single Family,44.0960296,-123.0696623
15,6033,1,10/22/15 0:00,New Single Family Dwelling,1111,Single Family Dwelling,1,Northeast Neighbors,4246442,895800,New single family dwelling w/ attached garage,9100,Vacant Land,0,10/5/15 10:17,NA,NA,NA,3059 GUADALUPE WAY,1.70317E+12,2015,Single Family Detached,Single Family,44.0960296,-123.0696623
15,6089,1,10/16/15 0:00,New Single Family Dwelling,1111,Single Family Dwelling,1,Santa Clara Community Organization,4231356,901467,New Single Family Dwelling with attached Garage.,9100,Vacant Land,0,10/6/15 11:31,NA,NA,NA,544 WEDGEWOOD DR,1.70412E+12,2015,Single Family Detached,Single Family,44.1108831,-123.1288617
15,6090,1,10/16/15 0:00,New Single Family Dwelling,1111,Single Family Dwelling,1,Santa Clara Community Organization,4231454,901465,New Single Family Dwelling with attached garage.,9100,Vacant Land,0,10/6/15 11:36,NA,NA,NA,546 WEDGEWOOD DR,1.70412E+12,2015,Single Family Detached,Single Family,44.1108831,-123.1288617
15,6216,1,10/19/15 0:00,New Single Family Dwelling,1111,Single Family Dwelling,1,Friendly Area Neighbors,4236422,873189,Replace single family dwelling damaged by fire,1111,Single Family Dwelling,0,10/12/15 11:07,NA,NA,NA,2384 MONROE ST,1.80306E+12,2015,Single Family Detached,Single Family,44.033302,-123.104501
15,6326,1,11/24/15 0:00,New Single Family Dwelling,1111,Single Family Dwelling,1,Cal Young Neighborhood Association,4243703,886883,New single family dwelling with attached garage,9100,Vacant Land,0,10/16/15 10:47,NA,NA,NA,871 OAKWAY RD,1.7032E+12,2015,Single Family Detached,Single Family,44.0714729,-123.0785611
15,6362,1,11/12/15 0:00,New Single Family Dwelling,1111,Single Family Dwelling,1,River Road Community Organization,4225223,895643,New Single Family Dwelling with attached Garage.,9100,Vacant Land,0,10/19/15 13:35,NA,NA,NA,1906 DEBRA SUE CT,1.70415E+12,2015,Single Family Detached,Single Family,44.094292,-123.1500533
15,6460,1,12/11/15 0:00,New Single Family Dwelling,1111,Single Family Dwelling,1,Laurel Hill Valley Citizens,4253611,872068,New single family dwelling with attached garage,9100,Vacant Land,0,10/22/15 13:50,NA,NA,NA,2611 CASCARA DR,1.80303E+12,2015,Single Family Detached,Single Family,44.0310699,-123.0392347
15,6468,1,11/4/15 0:00,New Single Family Dwelling,1111,Single Family Dwelling,1,Santa Clara Community Organization,4231923,900676,New single family dwelling with attached garage,9100,Vacant Land,0,10/22/15 16:27,NA,NA,NA,541 SILVER MEADOWS DR,1.70412E+12,2015,Single Family Detached,Single Family,44.1080079,-123.1248479
15,6585,1,12/4/15 0:00,New Single Family Dwelling,1111,Single Family Dwelling,1,Santa Clara Community Organization,4225216,907068,New single family dwelling with detached garage,9410,Vacant Shop or Office,0,10/27/15 12:13,NA,NA,NA,4355 HYACINTH ST,1.70403E+12,2015,Single Family Detached,Single Family,44.1250144,-123.1513078
15,6595,1,11/16/15 0:00,New Single Family Dwelling,1111,Single Family Dwelling,1,Santa Clara Community Organization,4231094,901605,New single family dwelling with attached garage,9100,Vacant Land,0,10/27/15 14:50,NA,NA,NA,514 WEDGEWOOD DR,1.70411E+12,2015,Single Family Detached,Single Family,44.1108831,-123.1288617
15,6646,1,11/19/15 0:00,New Single Family Dwelling,1111,Single Family Dwelling,1,Unknown,NA,NA,New single family dwelling with attached garage,9100,Vacant Land,0,10/28/15 16:45,NA,NA,NA,3838 STERLING WOODS DR,1.70308E+12,2015,Single Family Detached,Single Family,44.1076552,-123.0826634
15,6757,1,12/10/15 0:00,New Single Family Dwelling,1111,Single Family Dwelling,1,Northeast Neighbors,4246547,895828,New Single Family Dwelling with attached Garage,9100,Vacant Land,0,11/3/15 14:11,NA,NA,NA,3071 GUADALUPE WAY,1.70317E+12,2015,Single Family Detached,Single Family,44.0960296,-123.0696623
15,6818,1,11/19/15 0:00,New Single Family Dwelling,1111,Single Family Dwelling,1,Southeast Neighbors,4240636,860519,New single family dwelling with attached garage,9100,Vacant Land,0,11/5/15 12:03,NA,NA,NA,474 E 53RD AVE,1.80317E+12,2015,Single Family Detached,Single Family,43.9990719,-123.0865818
15,7076,1,12/9/15 0:00,New Single Family Dwelling,1111,Single Family Dwelling,1,River Road Community Organization,4226090,893320,New single family dwelling with attached garage,NA,NA,0,11/17/15 15:13,NA,NA,NA,951 PENNINGTON CT,1.70414E+12,2015,Single Family Detached,Single Family,,
15,7077,1,12/9/15 0:00,New Single Family Dwelling,1111,Single Family Dwelling,1,River Road Community Organization,4225994,893323,"New single family dwelling with attached garagethe sap number above does not match the record",9100,Vacant Land,0,11/17/15 15:19,NA,NA,NA,963 PENNINGTON CT,1.70414E+12,2015,Single Family Detached,Single Family,,
15,7097,1,12/9/15 0:00,New Single Family Dwelling,1111,Single Family Dwelling,1,River Road Community Organization,4224497,894899,New Single Family Dwelling with attached garage.,9100,Vacant Land,0,11/18/15 12:46,NA,NA,NA,1891 ALLEA DR,1.70415E+12,2015,Single Family Detached,Single Family,44.0914589,-123.1515554
15,7104,1,12/11/15 0:00,New Single Family Dwelling,1111,Single Family Dwelling,1,Cal Young Neighborhood Association,4242902,891707,New single family dwelling with attached garage,9100,Vacant Land,0,11/18/15 15:02,NA,NA,NA,1934 LEMMING AVE,1.70317E+12,2015,Single Family Detached,Single Family,44.0838508,-123.0850826
15,7138,1,12/28/15 0:00,New Single Family Dwelling,1111,Single Family Dwelling,1,Laurel Hill Valley Citizens,4253199,871737,"New Construction - Single Family Residential with attached Garage.**Erosion Prevention Permit = 15-05910-01",9100,Vacant Land,0,11/20/15 9:16,NA,NA,NA,3645 SNOWBERRY RD,1.80303E+12,2015,Single Family Detached,Single Family,44.0301976,-123.0417141
15,7190,1,12/11/15 0:00,New Single Family Dwelling,1111,Single Family Dwelling,1,River Road Community Organization,4226473,893292,"New Single Family Dwelling with attached Garage**New Electrical Permit 16-01101-01",9100,Vacant Land,0,11/23/15 14:43,NA,NA,NA,907 PENNINGTON CT,1.70414E+12,2015,Single Family Detached,Single Family,,
15,7208,1,12/22/15 0:00,New Single Family Dwelling,1111,Single Family Dwelling,1,Santa Clara Community Organization,4226759,904399,New single family dwelling with attached garage,9100,Vacant Land,0,11/24/15 9:56,NA,NA,NA,3740 PATRICIA ST,1.70402E+12,2015,Single Family Detached,Single Family,44.1180478,-123.1447472
15,7210,1,12/29/15 0:00,New Single Family Dwelling,1111,Single Family Dwelling,1,Santa Clara Community Organization,4231375,901720,New Single Family Dwelling with Attached Garage,9100,Vacant Land,0,11/24/15 9:58,NA,NA,NA,543 WEDGEWOOD DR,1.70412E+12,2015,Single Family Detached,Single Family,44.1108831,-123.1288617
15,7284,1,12/29/15 0:00,New Single Family Dwelling,1111,Single Family Dwelling,1,Santa Clara Community Organization,4231265,901546,New single family dwelling with attached garage,9100,Vacant Land,0,11/30/15 15:33,NA,NA,NA,528 WEDGEWOOD DR,1.70412E+12,2015,Single Family Detached,Single Family,44.1108831,-123.1288617
15,7368,1,12/18/15 0:00,New Single Family Dwelling,1111,Single Family Dwelling,1,Santa Clara Community Organization,4222017,902719,New Single Family Dwelling with 2 car attached garage.,9100,Vacant Land,0,12/3/15 11:06,NA,NA,NA,3490 CABERNET LN,1.7041E+12,2015,Single Family Detached,Single Family,44.112775,-123.1622768
